Maxi Prin Strs,Mini Prin Strs,Sa,Sm,Sn',Sn,b,b',N',N,Predicted,Cycles
-72920,-325100,126144.25,-198955.75,262.7838816,480.0303932,-0.840361287,-1.189964382,1.263237877,0.757244799,757204.9,757244.7992
-72811.5,-324964.5,126130.75,-198833.75,262.6233553,480.2724033,-0.840345794,-1.189986321,1.263874746,0.75678687,756732.9,756786.8696
-72703,-324829,126117.25,-198711.75,262.4628289,480.5147095,-0.840330299,-1.190008264,1.264512393,0.756328874,756261,756328.8737
-72594.5,-324693.5,126103.75,-198589.75,262.3023026,480.7573122,-0.840314802,-1.19003021,1.265150822,0.755870811,755788.94,755870.8115
-72486,-324558,126090.25,-198467.75,262.1417763,481.0002121,-0.840299303,-1.190052159,1.265790032,0.755412683,755317.06,755412.683
-72377.5,-324422.5,126076.75,-198345.75,261.98125,481.2434096,-0.840283803,-1.190074111,1.266430025,0.754954488,754845.06,754954.4883
-72269,-324287,126063.25,-198223.75,261.8207237,481.4869053,-0.840268301,-1.190096067,1.267070804,0.754496227,754373.1,754496.2273
-72160.5,-324151.5,126049.75,-198101.75,261.6601974,481.7306998,-0.840252797,-1.190118025,1.267712368,0.7540379,753901.2,754037.9002
-72052,-324016,126036.25,-197979.75,261.4996711,481.9747937,-0.840237292,-1.190139987,1.26835472,0.753579507,753429.25,753579.5068
-71943.5,-323880.5,126022.75,-197857.75,261.3391447,482.2191874,-0.840221785,-1.190161952,1.268997861,0.753121047,752957.3,753121.0474
-71835,-323745,126009.25,-197735.75,261.1786184,482.4638815,-0.840206277,-1.19018392,1.269641793,0.752662522,752485.4,752662.5218
-71726.5,-323609.5,125995.75,-197613.75,261.0180921,482.7088766,-0.840190766,-1.190205891,1.270286517,0.75220393,752013.5,752203.9301
-71618,-323474,125982.25,-197491.75,260.8575658,482.9541732,-0.840175255,-1.190227866,1.270932035,0.751745272,751541.5,751745.2724
-71509.5,-323338.5,125968.75,-197369.75,260.6970395,483.1997719,-0.840159741,-1.190249843,1.271578347,0.751286549,751069.56,751286.5486
-71401,-323203,125955.25,-197247.75,260.5365132,483.4456732,-0.840144226,-1.190271824,1.272225456,0.750827759,750597.56,750827.7588
-71292.5,-323067.5,125941.75,-197125.75,260.3759868,483.6918778,-0.840128709,-1.190293808,1.272873363,0.750368903,750125.6,750368.903
-71184,-322932,125928.25,-197003.75,260.2154605,483.9383861,-0.84011319,-1.190315795,1.273522069,0.749909981,749653.75,749909.9812
-71075.5,-322796.5,125914.75,-196881.75,260.0549342,484.1851987,-0.84009767,-1.190337785,1.274171576,0.749450994,749181.75,749450.9935
-70967,-322661,125901.25,-196759.75,259.8944079,484.4323163,-0.840082148,-1.190359778,1.274821885,0.74899194,748709.9,748991.9399
-70858.5,-322525.5,125887.75,-196637.75,259.7338816,484.6797393,-0.840066625,-1.190381775,1.275472998,0.74853282,748237.9,748532.8204
-70750,-322390,125874.25,-196515.75,259.5733553,484.9274683,-0.8400511,-1.190403775,1.276124917,0.748073635,747765.94,748073.635
-70641.5,-322254.5,125860.75,-196393.75,259.4128289,485.1755039,-0.840035573,-1.190425777,1.276777642,0.747614384,747294.06,747614.3838
-70533,-322119,125847.25,-196271.75,259.2523026,485.4238467,-0.840020044,-1.190447784,1.277431175,0.747155067,746822,747155.0668
-70424.5,-321983.5,125833.75,-196149.75,259.0917763,485.6724972,-0.840004514,-1.190469793,1.278085519,0.746695684,746350.06,746695.684
-70316,-321848,125820.25,-196027.75,258.93125,485.921456,-0.839988982,-1.190491805,1.278740674,0.746236235,745878.1,746236.2354
-70207.5,-321712.5,125806.75,-195905.75,258.7707237,486.1707237,-0.839973449,-1.190513821,1.279396641,0.745776721,745406.2,745776.7211
-70099,-321577,125793.25,-195783.75,258.6101974,486.4203008,-0.839957914,-1.19053584,1.280053423,0.745317141,744934.25,745317.1411
-69990.5,-321441.5,125779.75,-195661.75,258.4496711,486.670188,-0.839942377,-1.190557862,1.280711021,0.744857495,744462.3,744857.4955
-69882,-321306,125766.25,-195539.75,258.2891447,486.9203858,-0.839926838,-1.190579887,1.281369436,0.744397784,743990.3,744397.7842
-69773.5,-321170.5,125752.75,-195417.75,258.1286184,487.1708948,-0.839911298,-1.190601915,1.28202867,0.743938007,743518.4,743938.0072
-69665,-321035,125739.25,-195295.75,257.9680921,487.4217155,-0.839895756,-1.190623946,1.282688725,0.743478165,743046.5,743478.1647
-69556.5,-320899.5,125725.75,-195173.75,257.8075658,487.6728486,-0.839880213,-1.190645981,1.283349602,0.743018257,742574.56,743018.2565
-69448,-320764,125712.25,-195051.75,257.6470395,487.9242946,-0.839864668,-1.190668019,1.284011302,0.742558283,742102.6,742558.2829
-69339.5,-320628.5,125698.75,-194929.75,257.4865132,488.1760542,-0.839849121,-1.19069006,1.284673827,0.742098244,741630.6,742098.2437
-69231,-320493,125685.25,-194807.75,257.3259868,488.4281278,-0.839833572,-1.190712104,1.285337179,0.741638139,741158.6,741638.139
-69122.5,-320357.5,125671.75,-194685.75,257.1654605,488.6805162,-0.839818022,-1.190734152,1.286001358,0.741177969,740686.75,741177.9689
-69014,-320222,125658.25,-194563.75,257.0049342,488.9332198,-0.83980247,-1.190756202,1.286666368,0.740717733,740214.75,740717.7334
-68905.5,-320086.5,125644.75,-194441.75,256.8444079,489.1862394,-0.839786917,-1.190778256,1.287332209,0.740257432,739742.9,740257.4324
-68797,-319951,125631.25,-194319.75,256.6838816,489.4395754,-0.839771361,-1.190800313,1.287998883,0.739797066,739270.9,739797.066
-68688.5,-319815.5,125617.75,-194197.75,256.5233553,489.6932284,-0.839755805,-1.190822373,1.288666391,0.739336634,738799,739336.6343
-68580,-319680,125604.25,-194075.75,256.3628289,489.9471991,-0.839740246,-1.190844436,1.289334735,0.738876137,738327,738876.1373
-68471.5,-319544.5,125590.75,-193953.75,256.2023026,490.2014881,-0.839724686,-1.190866503,1.290003916,0.738415575,737855,738415.575
-68363,-319409,125577.25,-193831.75,256.0417763,490.4560959,-0.839709124,-1.190888573,1.290673937,0.737954947,737383.1,737954.9474
-68254.5,-319273.5,125563.75,-193709.75,255.88125,490.7110232,-0.83969356,-1.190910646,1.291344798,0.737494255,736911.2,737494.2545
-68146,-319138,125550.25,-193587.75,255.7207237,490.9662705,-0.839677995,-1.190932722,1.292016501,0.737033496,736439.1,737033.4965
-68037.5,-319002.5,125536.75,-193465.75,255.5601974,491.2218385,-0.839662428,-1.190954801,1.292689049,0.736572673,735967.25,736572.6732
-67929,-318867,125523.25,-193343.75,255.3996711,491.4777278,-0.83964686,-1.190976883,1.293362441,0.736111785,735495.4,736111.7848
-67820.5,-318731.5,125509.75,-193221.75,255.2391447,491.7339389,-0.839631289,-1.190998969,1.294036681,0.735650831,735023.3,735650.8313
-67712,-318596,125496.25,-193099.75,255.0786184,491.9904725,-0.839615717,-1.191021058,1.29471177,0.735189813,734551.4,735189.8126
-67603.5,-318460.5,125482.75,-192977.75,254.9180921,492.2473292,-0.839600144,-1.19104315,1.295387708,0.734728729,734079.5,734728.7289
-67495,-318325,125469.25,-192855.75,254.7575658,492.5045096,-0.839584568,-1.191065245,1.296064499,0.73426758,733607.56,734267.5802
-67386.5,-318189.5,125455.75,-192733.75,254.5970395,492.7620143,-0.839568991,-1.191087344,1.296742143,0.733806366,733135.5,733806.3664
-67278,-318054,125442.25,-192611.75,254.4365132,493.0198439,-0.839553413,-1.191109445,1.297420642,0.733345088,732663.6,733345.0876
-67169.5,-317918.5,125428.75,-192489.75,254.2759868,493.2779991,-0.839537833,-1.19113155,1.298099998,0.732883744,732191.6,732883.7439
-67061,-317783,125415.25,-192367.75,254.1154605,493.5364804,-0.839522251,-1.191153658,1.298780212,0.732422335,731719.7,732422.3352
-66952.5,-317647.5,125401.75,-192245.75,253.9549342,493.7952885,-0.839506667,-1.19117577,1.299461285,0.731960862,731247.8,731960.8617
-66844,-317512,125388.25,-192123.75,253.7944079,494.054424,-0.839491082,-1.191197884,1.300143221,0.731499323,730775.9,731499.3232
-66735.5,-317376.5,125374.75,-192001.75,253.6338816,494.3138875,-0.839475494,-1.191220002,1.30082602,0.73103772,730303.8,731037.7199
-66627,-317241,125361.25,-191879.75,253.4733553,494.5736796,-0.839459906,-1.191242123,1.301509683,0.730576052,729831.94,730576.0518
-66518.5,-317105.5,125347.75,-191757.75,253.3128289,494.833801,-0.839444315,-1.191264247,1.302194213,0.730114319,729360,730114.3189
-66410,-316970,125334.25,-191635.75,253.1523026,495.0942523,-0.839428723,-1.191286374,1.302879611,0.729652521,728888.06,729652.5213
-66301.5,-316834.5,125320.75,-191513.75,252.9917763,495.3550342,-0.83941313,-1.191308504,1.303565879,0.729190659,728416.06,729190.6589
-66193,-316699,125307.25,-191391.75,252.83125,495.6161471,-0.839397534,-1.191330638,1.304253019,0.728728732,727944.06,728728.7318
-66084.5,-316563.5,125293.75,-191269.75,252.6707237,495.8775919,-0.839381937,-1.191352775,1.304941031,0.72826674,727472.1,728266.74
-65976,-316428,125280.25,-191147.75,252.5101974,496.139369,-0.839366338,-1.191374915,1.305629919,0.727804684,727000.25,727804.6836
-65867.5,-316292.5,125266.75,-191025.75,252.3496711,496.4014793,-0.839350738,-1.191397058,1.306319682,0.727342563,726528.2,727342.5626
-65759,-316157,125253.25,-190903.75,252.1891447,496.6639231,-0.839335136,-1.191419205,1.307010324,0.726880377,726056.4,726880.377
-65650.5,-316021.5,125239.75,-190781.75,252.0286184,496.9267014,-0.839319532,-1.191441355,1.307701846,0.726418127,725584.4,726418.1268
-65542,-315886,125226.25,-190659.75,251.8680921,497.1898145,-0.839303926,-1.191463508,1.308394249,0.725955812,725112.4,725955.8122
-65433.5,-315750.5,125212.75,-190537.75,251.7075658,497.4532633,-0.839288319,-1.191485664,1.309087535,0.725493433,724640.44,725493.433
-65325,-315615,125199.25,-190415.75,251.5470395,497.7170483,-0.83927271,-1.191507823,1.309781706,0.725030989,724168.5,725030.9893
-65216.5,-315479.5,125185.75,-190293.75,251.3865132,497.9811702,-0.8392571,-1.191529986,1.310476764,0.724568481,723696.56,724568.4812
-65108,-315344,125172.25,-190171.75,251.2259868,498.2456297,-0.839241487,-1.191552152,1.31117271,0.724105909,723224.6,724105.9088
-64999.5,-315208.5,125158.75,-190049.75,251.0654605,498.5104273,-0.839225873,-1.191574321,1.311869545,0.723643272,722752.6,723643.2719
-64891,-315073,125145.25,-189927.75,250.9049342,498.7755637,-0.839210258,-1.191596493,1.312567273,0.723180571,722280.6,723180.5707
-64782.5,-314937.5,125131.75,-189805.75,250.7444079,499.0410396,-0.839194641,-1.191618668,1.313265894,0.722717805,721808.75,722717.8051
-64674,-314802,125118.25,-189683.75,250.5838816,499.3068557,-0.839179022,-1.191640847,1.31396541,0.722254975,721336.75,722254.9753
-64565.5,-314666.5,125104.75,-189561.75,250.4233553,499.5730125,-0.839163401,-1.191663029,1.314665822,0.721792081,720864.75,721792.0813
-64457,-314531,125091.25,-189439.75,250.2628289,499.8395108,-0.839147779,-1.191685214,1.315367134,0.721329123,720392.9,721329.123
-64348.5,-314395.5,125077.75,-189317.75,250.1023026,500.1063512,-0.839132155,-1.191707402,1.316069345,0.7208661,719920.9,720866.1005
-64240,-314260,125064.25,-189195.75,249.9417763,500.3735344,-0.839116529,-1.191729594,1.316772459,0.720403014,719449,720403.0138
-64131.5,-314124.5,125050.75,-189073.75,249.78125,500.6410609,-0.839100901,-1.191751789,1.317476476,0.719939863,718976.94,719939.863
-64023,-313989,125037.25,-188951.75,249.6207237,500.9089316,-0.839085272,-1.191773987,1.318181399,0.719476648,718505,719476.6481
-63914.5,-313853.5,125023.75,-188829.75,249.4601974,501.177147,-0.839069642,-1.191796188,1.318887229,0.719013369,718033.06,719013.3692
-63806,-313718,125010.25,-188707.75,249.2996711,501.4457078,-0.839054009,-1.191818392,1.319593968,0.718550026,717561.1,718550.0262
-63697.5,-313582.5,124996.75,-188585.75,249.1391447,501.7146147,-0.839038375,-1.1918406,1.320301618,0.718086619,717089.2,718086.6191
-63589,-313447,124983.25,-188463.75,248.9786184,501.9838683,-0.839022739,-1.191862811,1.32101018,0.717623148,716617.25,717623.1481
-63480.5,-313311.5,124969.75,-188341.75,248.8180921,502.2534694,-0.839007101,-1.191885025,1.321719656,0.717159613,716145.25,717159.6132
-63372,-313176,124956.25,-188219.75,248.6575658,502.5234185,-0.838991462,-1.191907242,1.322430049,0.716696014,715673.4,716696.0143
-63263.5,-313040.5,124942.75,-188097.75,248.4970395,502.7937164,-0.838975821,-1.191929463,1.323141359,0.716232352,715201.4,716232.3516
-63155,-312905,124929.25,-187975.75,248.3365132,503.0643638,-0.838960179,-1.191951687,1.323853589,0.715768625,714729.4,715768.625
-63046.5,-312769.5,124915.75,-187853.75,248.1759868,503.3353613,-0.838944534,-1.191973914,1.32456674,0.715304835,714257.44,715304.8346
-62938,-312634,124902.25,-187731.75,248.0154605,503.6067096,-0.838928888,-1.191996144,1.325280815,0.71484098,713785.5,714840.9803
-62829.5,-312498.5,124888.75,-187609.75,247.8549342,503.8784094,-0.838913241,-1.192018377,1.325995814,0.714377062,713313.56,714377.0624
-62721,-312363,124875.25,-187487.75,247.6944079,504.1504613,-0.838897591,-1.192040614,1.32671174,0.713913081,712841.6,713913.0806
-62612.5,-312227.5,124861.75,-187365.75,247.5338816,504.4228661,-0.83888194,-1.192062854,1.327428595,0.713449035,712369.6,713449.0352
-62504,-312092,124848.25,-187243.75,247.3733553,504.6956244,-0.838866288,-1.192085097,1.32814638,0.712984926,711897.56,712984.9262
-62395.5,-311956.5,124834.75,-187121.75,247.2128289,504.968737,-0.838850633,-1.192107344,1.328865097,0.712520753,711425.75,712520.7535
-62287,-311821,124821.25,-186999.75,247.0523026,505.2422045,-0.838834977,-1.192129593,1.329584749,0.712056517,710953.75,712056.5171
-62178.5,-311685.5,124807.75,-186877.75,246.8917763,505.5160276,-0.838819319,-1.192151846,1.330305336,0.711592217,710481.75,711592.2173
-62070,-311550,124794.25,-186755.75,246.73125,505.790207,-0.83880366,-1.192174102,1.33102686,0.711127854,710009.8,711127.8539
-61961.5,-311414.5,124780.75,-186633.75,246.5707237,506.0647434,-0.838787998,-1.192196362,1.331749325,0.710663427,709537.8,710663.4269
-61853,-311279,124767.25,-186511.75,246.4101974,506.3396375,-0.838772335,-1.192218624,1.33247273,0.710198937,709065.94,710198.9365
-61744.5,-311143.5,124753.75,-186389.75,246.2496711,506.6148899,-0.838756671,-1.19224089,1.333197079,0.709734383,708594,709734.3827
-61636,-311008,124740.25,-186267.75,246.0891447,506.8905015,-0.838741004,-1.192263159,1.333922372,0.709269765,708122,709269.7655
-61527.5,-310872.5,124726.75,-186145.75,245.9286184,507.1664729,-0.838725336,-1.192285432,1.334648613,0.708805085,707650.06,708805.0848
-61419,-310737,124713.25,-186023.75,245.7680921,507.4428048,-0.838709667,-1.192307707,1.335375802,0.708340341,707178.1,708340.3409
-61310.5,-310601.5,124699.75,-185901.75,245.6075658,507.719498,-0.838693995,-1.192329986,1.336103942,0.707875534,706706.1,707875.5336
-61202,-310466,124686.25,-185779.75,245.4470395,507.996553,-0.838678322,-1.192352268,1.336833034,0.707410663,706234.2,707410.6631
-61093.5,-310330.5,124672.75,-185657.75,245.2865132,508.2739707,-0.838662648,-1.192374554,1.337563081,0.706945729,705762.25,706945.7293
-60985,-310195,124659.25,-185535.75,245.1259868,508.5517517,-0.838646971,-1.192396842,1.338294083,0.706480732,705290.25,706480.7323
-60876.5,-310059.5,124645.75,-185413.75,244.9654605,508.8298968,-0.838631293,-1.192419134,1.339026044,0.706015672,704818.25,706015.6721
-60768,-309924,124632.25,-185291.75,244.8049342,509.1084067,-0.838615613,-1.192441429,1.339758965,0.705550549,704346.4,705550.5487
-60659.5,-309788.5,124618.75,-185169.75,244.6444079,509.387282,-0.838599931,-1.192463727,1.340492847,0.705085362,703874.4,705085.3623
-60551,-309653,124605.25,-185047.75,244.4838816,509.6665236,-0.838584248,-1.192486029,1.341227694,0.704620113,703402.44,704620.1128
-60442.5,-309517.5,124591.75,-184925.75,244.3233553,509.9461321,-0.838568563,-1.192508334,1.341963506,0.7041548,702930.44,704154.8002
-60334,-309382,124578.25,-184803.75,244.1628289,510.2261083,-0.838552876,-1.192530642,1.342700285,0.703689425,702458.56,703689.4246
-60225.5,-309246.5,124564.75,-184681.75,244.0023026,510.5064528,-0.838537188,-1.192552953,1.343438034,0.703223986,701986.56,703223.986
-60117,-309111,124551.25,-184559.75,243.8417763,510.7871665,-0.838521498,-1.192575268,1.344176754,0.702758485,701514.6,702758.4845
-60008.5,-308975.5,124537.75,-184437.75,243.68125,511.06825,-0.838505806,-1.192597586,1.344916447,0.70229292,701042.6,702292.9201
-59900,-308840,124524.25,-184315.75,243.5207237,511.3497041,-0.838490113,-1.192619907,1.345657116,0.701827293,700570.75,701827.2928
-59791.5,-308704.5,124510.75,-184193.75,243.3601974,511.6315295,-0.838474418,-1.192642231,1.346398762,0.701361603,700098.7,701361.6027
-59683,-308569,124497.25,-184071.75,243.1996711,511.9137269,-0.838458721,-1.192664559,1.347141387,0.70089585,699626.75,700895.8497
-59574.5,-308433.5,124483.75,-183949.75,243.0391447,512.1962972,-0.838443022,-1.19268689,1.347884993,0.700430034,699154.8,700430.034
-59466,-308298,124470.25,-183827.75,242.8786184,512.4792409,-0.838427322,-1.192709224,1.348629581,0.699964156,698682.9,699964.1555
-59357.5,-308162.5,124456.75,-183705.75,242.7180921,512.7625589,-0.83841162,-1.192731561,1.349375155,0.699498214,698210.9,699498.2143
-59249,-308027,124443.25,-183583.75,242.5575658,513.0462519,-0.838395916,-1.192753902,1.350121716,0.69903221,697738.94,699032.2105
-59140.5,-307891.5,124429.75,-183461.75,242.3970395,513.3303207,-0.838380211,-1.192776246,1.350869265,0.698566144,697266.9,698566.144
-59032,-307756,124416.25,-183339.75,242.2365132,513.6147659,-0.838364504,-1.192798593,1.351617805,0.698100015,696795,698100.0149
-58923.5,-307620.5,124402.75,-183217.75,242.0759868,513.8995884,-0.838348795,-1.192820943,1.352367338,0.697633823,696323.06,697633.8232
-58815,-307485,124389.25,-183095.75,241.9154605,514.1847889,-0.838333084,-1.192843297,1.353117866,0.697167569,695851.1,697167.569
-58706.5,-307349.5,124375.75,-182973.75,241.7549342,514.4703681,-0.838317372,-1.192865654,1.35386939,0.696701252,695379.1,696701.2523
-58598,-307214,124362.25,-182851.75,241.5944079,514.7563269,-0.838301658,-1.192888014,1.354621913,0.696234873,694907.2,696234.8731
-58489.5,-307078.5,124348.75,-182729.75,241.4338816,515.0426659,-0.838285942,-1.192910377,1.355375437,0.695768432,694435.25,695768.4315
-58381,-306943,124335.25,-182607.75,241.2733553,515.3293859,-0.838270225,-1.192932744,1.356129963,0.695301928,693963.25,695301.9275
-58272.5,-306807.5,124321.75,-182485.75,241.1128289,515.6164877,-0.838254506,-1.192955114,1.356885494,0.694835361,693491.3,694835.3612
-58164,-306672,124308.25,-182363.75,240.9523026,515.903972,-0.838238785,-1.192977487,1.357642032,0.694368732,693019.4,694368.7325
-58055.5,-306536.5,124294.75,-182241.75,240.7917763,516.1918397,-0.838223063,-1.192999864,1.358399578,0.693902042,692547.4,693902.0415
-57947,-306401,124281.25,-182119.75,240.63125,516.4800914,-0.838207339,-1.193022244,1.359158135,0.693435288,692075.4,693435.2883
-57838.5,-306265.5,124267.75,-181997.75,240.4707237,516.768728,-0.838191613,-1.193044627,1.359917705,0.692968473,691603.25,692968.4728
-57730,-306130,124254.25,-181875.75,240.3101974,517.0577502,-0.838175885,-1.193067013,1.36067829,0.692501595,691131.1,692501.5952
-57621.5,-305994.5,124240.75,-181753.75,240.1496711,517.3471588,-0.838160156,-1.193089403,1.361439892,0.692034655,690658.94,692034.6554
-57513,-305859,124227.25,-181631.75,239.9891447,517.6369545,-0.838144425,-1.193111796,1.362202512,0.691567653,690186.75,691567.6535
-57404.5,-305723.5,124213.75,-181509.75,239.8286184,517.9271382,-0.838128692,-1.193134192,1.362966153,0.69110059,689714.75,691100.5895
-57296,-305588,124200.25,-181387.75,239.6680921,518.2177106,-0.838112958,-1.193156591,1.363730817,0.690633463,689242.5,690633.4635
-57187.5,-305452.5,124186.75,-181265.75,239.5075658,518.5086725,-0.838097222,-1.193178994,1.364496507,0.690166275,688770.25,690166.2754
-57079,-305317,124173.25,-181143.75,239.3470395,518.8000247,-0.838081484,-1.1932014,1.365263223,0.689699025,688298,689699.0254
-56970.5,-305181.5,124159.75,-181021.75,239.1865132,519.091768,-0.838065744,-1.19322381,1.366030968,0.689231714,687825.6,689231.7135
-56862,-305046,124146.25,-180899.75,239.0259868,519.3839031,-0.838050003,-1.193246222,1.366799745,0.68876434,687353.4,688764.3397
-56753.5,-304910.5,124132.75,-180777.75,238.8654605,519.6764309,-0.83803426,-1.193268638,1.367569555,0.688296904,686881,688296.904
-56645,-304775,124119.25,-180655.75,238.7049342,519.9693522,-0.838018515,-1.193291057,1.3683404,0.687829406,686408.6,687829.4065
-56536.5,-304639.5,124105.75,-180533.75,238.5444079,520.2626676,-0.838002769,-1.193313479,1.369112283,0.687361847,685936.1,687361.8472
-56428,-304504,124092.25,-180411.75,238.3838816,520.5563781,-0.837987021,-1.193335905,1.369885206,0.686894226,685463.75,686894.2261
-56319.5,-304368.5,124078.75,-180289.75,238.2233553,520.8504845,-0.837971271,-1.193358334,1.37065917,0.686426543,684991.4,686426.5433
-56211,-304233,124065.25,-180167.75,238.0628289,521.1449874,-0.837955519,-1.193380766,1.371434177,0.685958799,684518.9,685958.7989
-56102.5,-304097.5,124051.75,-180045.75,237.9023026,521.4398878,-0.837939766,-1.193403202,1.372210231,0.685490993,684046.5,685490.9928
-55994,-303962,124038.25,-179923.75,237.7417763,521.7351865,-0.837924011,-1.193425641,1.372987333,0.685023125,683573.9,685023.125
-55885.5,-303826.5,124024.75,-179801.75,237.58125,522.0308842,-0.837908255,-1.193448083,1.373765485,0.684555196,683101.1,684555.1958
-55777,-303691,124011.25,-179679.75,237.4207237,522.3269817,-0.837892496,-1.193470528,1.374544689,0.684087205,682628.4,684087.205
-55668.5,-303555.5,123997.75,-179557.75,237.2601974,522.6234799,-0.837876736,-1.193492977,1.375324947,0.683619153,682155.56,683619.1527
-55560,-303420,123984.25,-179435.75,237.0996711,522.9203796,-0.837860974,-1.193515429,1.376106262,0.683151039,681682.9,683151.0389
-55451.5,-303284.5,123970.75,-179313.75,236.9391447,523.2176816,-0.837845211,-1.193537884,1.376888636,0.682682864,681210,682682.8637
-55343,-303149,123957.25,-179191.75,236.7786184,523.5153868,-0.837829445,-1.193560343,1.37767207,0.682214627,680737.25,682214.6272
-55234.5,-303013.5,123943.75,-179069.75,236.6180921,523.8134958,-0.837813678,-1.193582805,1.378456568,0.681746329,680264.5,681746.3293
-55126,-302878,123930.25,-178947.75,236.4575658,524.1120096,-0.83779791,-1.19360527,1.379242131,0.68127797,679791.75,681277.9701
-55017.5,-302742.5,123916.75,-178825.75,236.2970395,524.410929,-0.837782139,-1.193627738,1.380028761,0.68080955,679319,680809.5496
-54909,-302607,123903.25,-178703.75,236.1365132,524.7102549,-0.837766367,-1.19365021,1.38081646,0.680341068,678846.25,680341.0679
-54800.5,-302471.5,123889.75,-178581.75,235.9759868,525.0099879,-0.837750593,-1.193672685,1.381605231,0.679872525,678373.44,679872.525
-54692,-302336,123876.25,-178459.75,235.8154605,525.310129,-0.837734818,-1.193695163,1.382395076,0.679403921,677900.7,679403.9209
-54583.5,-302200.5,123862.75,-178337.75,235.6549342,525.6106791,-0.83771904,-1.193717645,1.383185998,0.678935256,677427.94,678935.2558
-54475,-302065,123849.25,-178215.75,235.4944079,525.9116389,-0.837703261,-1.19374013,1.383977997,0.67846653,676955.2,678466.5295
-54366.5,-301929.5,123835.75,-178093.75,235.3338816,526.2130092,-0.837687481,-1.193762618,1.384771077,0.677997742,676482.4,677997.7422
-54258,-301794,123822.25,-177971.75,235.1733553,526.514791,-0.837671698,-1.193785109,1.38556524,0.677528894,676009.7,677528.8939
-54149.5,-301658.5,123808.75,-177849.75,235.0128289,526.8169851,-0.837655914,-1.193807604,1.386360487,0.677059985,675536.9,677059.9847
-54041,-301523,123795.25,-177727.75,234.8523026,527.1195922,-0.837640128,-1.193830102,1.387156822,0.676591014,675064.1,676591.0145
-53932.5,-301387.5,123781.75,-177605.75,234.6917763,527.4226134,-0.837624341,-1.193852604,1.387954246,0.676121983,674591.4,676121.9834
-53824,-301252,123768.25,-177483.75,234.53125,527.7260493,-0.837608551,-1.193875109,1.388752761,0.675652891,674118.56,675652.8915
-53715.5,-301116.5,123754.75,-177361.75,234.3707237,528.0299009,-0.83759276,-1.193897617,1.389552371,0.675183739,673645.8,675183.7388
-53607,-300981,123741.25,-177239.75,234.2101974,528.334169,-0.837576967,-1.193920128,1.390353076,0.674714525,673173,674714.5253
-53498.5,-300845.5,123727.75,-177117.75,234.0496711,528.6388545,-0.837561173,-1.193942642,1.39115488,0.674245251,672700.25,674245.251
-53390,-300710,123714.25,-176995.75,233.8891447,528.9439582,-0.837545377,-1.19396516,1.391957785,0.673775916,672227.5,673775.9161
-53281.5,-300574.5,123700.75,-176873.75,233.7286184,529.249481,-0.837529579,-1.193987682,1.392761792,0.673306521,671754.7,673306.5205
-53173,-300439,123687.25,-176751.75,233.5680921,529.5554238,-0.837513779,-1.194010206,1.393566905,0.672837064,671281.9,672837.0643
-53064.5,-300303.5,123673.75,-176629.75,233.4075658,529.8617874,-0.837497978,-1.194032734,1.394373125,0.672367548,670809,672367.5476
-52956,-300168,123660.25,-176507.75,233.2470395,530.1685727,-0.837482175,-1.194055265,1.395180454,0.67189797,670336.3,671897.9703
-52847.5,-300032.5,123646.75,-176385.75,233.0865132,530.4757805,-0.83746637,-1.1940778,1.395988896,0.671428332,669863.56,671428.3325
-52739,-299897,123633.25,-176263.75,232.9259868,530.7834118,-0.837450563,-1.194100337,1.396798452,0.670958634,669390.7,670958.6342
-52630.5,-299761.5,123619.75,-176141.75,232.7654605,531.0914674,-0.837434755,-1.194122879,1.397609125,0.670488876,668918,670488.8756
-52522,-299626,123606.25,-176019.75,232.6049342,531.3999482,-0.837418945,-1.194145423,1.398420916,0.670019057,668445.2,670019.0565
-52413.5,-299490.5,123592.75,-175897.75,232.4444079,531.7088551,-0.837403133,-1.194167971,1.399233829,0.669549177,667972.44,669549.1772
-52305,-299355,123579.25,-175775.75,232.2838816,532.018189,-0.83738732,-1.194190522,1.400047866,0.669079237,667499.56,669079.2375
-52196.5,-299219.5,123565.75,-175653.75,232.1233553,532.3279506,-0.837371504,-1.194213076,1.400863028,0.668609238,667026.9,668609.2376
-52088,-299084,123552.25,-175531.75,231.9628289,532.638141,-0.837355687,-1.194235634,1.401679319,0.668139177,666554,668139.1774
-51979.5,-298948.5,123538.75,-175409.75,231.8023026,532.9487611,-0.837339869,-1.194258195,1.40249674,0.667669057,666081.2,667669.0571
-51871,-298813,123525.25,-175287.75,231.6417763,533.2598116,-0.837324048,-1.194280759,1.403315294,0.667198877,665608.5,667198.8767
-51762.5,-298677.5,123511.75,-175165.75,231.48125,533.5712936,-0.837308226,-1.194303327,1.404134983,0.666728636,665135.6,666728.6361
-51654,-298542,123498.25,-175043.75,231.3207237,533.8832078,-0.837292402,-1.194325898,1.40495581,0.666258336,664662.94,666258.3355
-51545.5,-298406.5,123484.75,-174921.75,231.1601974,534.1955553,-0.837276577,-1.194348472,1.405777777,0.665787975,664190.1,665787.9749
-51437,-298271,123471.25,-174799.75,230.9996711,534.5083369,-0.837260749,-1.19437105,1.406600887,0.665317554,663717.3,665317.5543
-51328.5,-298135.5,123457.75,-174677.75,230.8391447,534.8215535,-0.83724492,-1.19439363,1.407425141,0.664847074,663244.56,664847.0738
-51220,-298000,123444.25,-174555.75,230.6786184,535.135206,-0.83722909,-1.194416215,1.408250542,0.664376533,662771.75,664376.5334
-51111.5,-297864.5,123430.75,-174433.75,230.5180921,535.4492954,-0.837213257,-1.194438802,1.409077093,0.663905933,662298.9,663905.9332
-51003,-297729,123417.25,-174311.75,230.3575658,535.7638225,-0.837197423,-1.194461393,1.409904796,0.663435273,661826.1,663435.2731
-50894.5,-297593.5,123403.75,-174189.75,230.1970395,536.0787883,-0.837181587,-1.194483987,1.410733654,0.662964553,661353.4,662964.5533
-50786,-297458,123390.25,-174067.75,230.0365132,536.3941937,-0.837165749,-1.194506585,1.411563668,0.662493774,660880.56,662493.7738
-50677.5,-297322.5,123376.75,-173945.75,229.8759868,536.7100396,-0.83714991,-1.194529186,1.412394841,0.662022935,660407.8,662022.9345
-50569,-297187,123363.25,-173823.75,229.7154605,537.0263269,-0.837134069,-1.19455179,1.413227176,0.661552036,659935,661552.0357
-50460.5,-297051.5,123349.75,-173701.75,229.5549342,537.3430566,-0.837118226,-1.194574397,1.414060675,0.661081077,659462.25,661081.0772
-50352,-296916,123336.25,-173579.75,229.3944079,537.6602295,-0.837102381,-1.194597008,1.414895341,0.660610059,658989.4,660610.0592
-50243.5,-296780.5,123322.75,-173457.75,229.2338816,537.9778467,-0.837086535,-1.194619622,1.415731175,0.660138982,658516.56,660138.9816
-50135,-296645,123309.25,-173335.75,229.0733553,538.295909,-0.837070687,-1.19464224,1.416568182,0.659667845,658043.9,659667.8446
-50026.5,-296509.5,123295.75,-173213.75,228.9128289,538.6144174,-0.837054837,-1.194664861,1.417406362,0.659196648,657571,659196.6482
-49918,-296374,123282.25,-173091.75,228.7523026,538.9333728,-0.837038985,-1.194687485,1.418245718,0.658725392,657098.25,658725.3924
-49809.5,-296238.5,123268.75,-172969.75,228.5917763,539.2527762,-0.837023132,-1.194710113,1.419086253,0.658254077,656625.44,658254.0772
-49701,-296103,123255.25,-172847.75,228.43125,539.5726285,-0.837007277,-1.194732743,1.41992797,0.657782703,656152.6,657782.7027
-49592.5,-295967.5,123241.75,-172725.75,228.2707237,539.8929307,-0.83699142,-1.194755378,1.42077087,0.657311269,655679.8,657311.2689
-49484,-295832,123228.25,-172603.75,228.1101974,540.2136837,-0.836975561,-1.194778015,1.421614957,0.656839776,655207.06,656839.776
-49375.5,-295696.5,123214.75,-172481.75,227.9496711,540.5348884,-0.836959701,-1.194800656,1.422460233,0.656368224,654734.25,656368.2239
-49267,-295561,123201.25,-172359.75,227.7891447,540.8565458,-0.836943839,-1.1948233,1.4233067,0.655896613,654261.5,655896.6126
-49158.5,-295425.5,123187.75,-172237.75,227.6286184,541.1786569,-0.836927975,-1.194845948,1.42415436,0.655424942,653788.7,655424.9422
-49050,-295290,123174.25,-172115.75,227.4680921,541.5012227,-0.83691211,-1.194868599,1.425003218,0.654953213,653315.9,654953.2128
-48941.5,-295154.5,123160.75,-171993.75,227.3075658,541.824244,-0.836896243,-1.194891253,1.425853274,0.654481424,652843.1,654481.4244
-48833,-295019,123147.25,-171871.75,227.1470395,542.147722,-0.836880374,-1.19491391,1.426704531,0.654009577,652370.3,654009.577
-48724.5,-294883.5,123133.75,-171749.75,226.9865132,542.4716574,-0.836864503,-1.194936571,1.427556993,0.653537671,651897.5,653537.6707
-48616,-294748,123120.25,-171627.75,226.8259868,542.7960513,-0.836848631,-1.194959236,1.428410661,0.653065706,651424.75,653065.7056
-48507.5,-294612.5,123106.75,-171505.75,226.6654605,543.1209048,-0.836832757,-1.194981903,1.429265539,0.652593682,650952,652593.6816
-48399,-294477,123093.25,-171383.75,226.5049342,543.4462186,-0.836816881,-1.195004574,1.430121628,0.652121599,650479.1,652121.5988
-48290.5,-294341.5,123079.75,-171261.75,226.3444079,543.7719939,-0.836801003,-1.195027248,1.430978931,0.651649457,650006.4,651649.4573
-48182,-294206,123066.25,-171139.75,226.1838816,544.0982317,-0.836785124,-1.195049926,1.431837452,0.651177257,649533.5,651177.2571
-48073.5,-294070.5,123052.75,-171017.75,226.0233553,544.4249328,-0.836769242,-1.195072607,1.432697192,0.650704998,649060.7,650704.9982
-47965,-293935,123039.25,-170895.75,225.8628289,544.7520983,-0.83675336,-1.195095291,1.433558153,0.650232681,648587.94,650232.6807
-47856.5,-293799.5,123025.75,-170773.75,225.7023026,545.0797292,-0.836737475,-1.195117979,1.43442034,0.649760305,648114.94,649760.3047
-47748,-293664,123012.25,-170651.75,225.5417763,545.4078265,-0.836721589,-1.19514067,1.435283754,0.64928787,647642.1,649287.8701
-47639.5,-293528.5,122998.75,-170529.75,225.38125,545.7363911,-0.8367057,-1.195163364,1.436148398,0.648815377,647169.25,648815.377
-47531,-293393,122985.25,-170407.75,225.2207237,546.0654241,-0.836689811,-1.195186062,1.437014274,0.648342826,646696.4,648342.8256
-47422.5,-293257.5,122971.75,-170285.75,225.0601974,546.3949265,-0.836673919,-1.195208763,1.437881386,0.647870216,646223.5,647870.2157
-47314,-293122,122958.25,-170163.75,224.8996711,546.7248993,-0.836658026,-1.195231468,1.438749735,0.647397547,645750.6,647397.5475
-47205.5,-292986.5,122944.75,-170041.75,224.7391447,547.0553434,-0.836642131,-1.195254176,1.439619325,0.646924821,645277.7,646924.821
-47097,-292851,122931.25,-169919.75,224.5786184,547.3862599,-0.836626234,-1.195276887,1.440490158,0.646452036,644804.9,646452.0362
-46988.5,-292715.5,122917.75,-169797.75,224.4180921,547.7176499,-0.836610335,-1.195299601,1.441362237,0.645979193,644331.94,645979.1932
-46880,-292580,122904.25,-169675.75,224.2575658,548.0495143,-0.836594435,-1.195322319,1.442235564,0.645506292,643859.06,645506.2921
-46771.5,-292444.5,122890.75,-169553.75,224.0970395,548.3818541,-0.836578533,-1.19534504,1.443110142,0.645033333,643386.2,645033.3328
-46663,-292309,122877.25,-169431.75,223.9365132,548.7146704,-0.836562629,-1.195367765,1.443985975,0.644560316,642913.3,644560.3155
-46554.5,-292173.5,122863.75,-169309.75,223.7759868,549.0479641,-0.836546723,-1.195390493,1.444863064,0.64408724,642440.4,644087.2402
-46446,-292038,122850.25,-169187.75,223.6154605,549.3817364,-0.836530816,-1.195413224,1.445741412,0.643614107,641967.5,643614.1068
-46337.5,-291902.5,122836.75,-169065.75,223.4549342,549.7159883,-0.836514907,-1.195435959,1.446621022,0.643140916,641494.6,643140.9155
-46229,-291767,122823.25,-168943.75,223.2944079,550.0507207,-0.836498996,-1.195458697,1.447501897,0.642667666,641021.75,642667.6664
-46120.5,-291631.5,122809.75,-168821.75,223.1338816,550.3859348,-0.836483084,-1.195481438,1.448384039,0.642194359,640548.9,642194.3594
-46012,-291496,122796.25,-168699.75,222.9733553,550.7216315,-0.836467169,-1.195504183,1.449267451,0.641720995,640076,641720.9946
-45903.5,-291360.5,122782.75,-168577.75,222.8128289,551.057812,-0.836451253,-1.195526931,1.450152137,0.641247572,639603.1,641247.572
-45795,-291225,122769.25,-168455.75,222.6523026,551.3944772,-0.836435335,-1.195549683,1.451038098,0.640774092,639130.25,640774.0917
-45686.5,-291089.5,122755.75,-168333.75,222.4917763,551.7316282,-0.836419416,-1.195572438,1.451925337,0.640300554,638657.3,640300.5538
-45578,-290954,122742.25,-168211.75,222.33125,552.069266,-0.836403494,-1.195595196,1.452813858,0.639826958,638184.44,639826.9583
-45469.5,-290818.5,122728.75,-168089.75,222.1707237,552.4073918,-0.836387571,-1.195617958,1.453703663,0.639353305,637711.5,639353.3052
-45361,-290683,122715.25,-167967.75,222.0101974,552.7460065,-0.836371647,-1.195640723,1.454594754,0.638879595,637238.6,638879.5946
-45252.5,-290547.5,122701.75,-167845.75,221.8496711,553.0851113,-0.83635572,-1.195663491,1.455487135,0.638405826,636765.8,638405.8265
-45144,-290412,122688.25,-167723.75,221.6891447,553.4247071,-0.836339792,-1.195686263,1.456380808,0.637932001,636292.94,637932.001
-45035.5,-290276.5,122674.75,-167601.75,221.5286184,553.7647952,-0.836323862,-1.195709038,1.457275777,0.637458118,635820,637458.1181
-44927,-290141,122661.25,-167479.75,221.3680921,554.1053764,-0.83630793,-1.195731816,1.458172043,0.636984178,635347.1,636984.1778
-44818.5,-290005.5,122647.75,-167357.75,221.2075658,554.446452,-0.836291996,-1.195754598,1.45906961,0.63651018,634874.25,636510.1803
-44710,-289870,122634.25,-167235.75,221.0470395,554.7880229,-0.836276061,-1.195777383,1.459968481,0.636036126,634401.4,636036.1256
-44601.5,-289734.5,122620.75,-167113.75,220.8865132,555.1300903,-0.836260124,-1.195800172,1.460868659,0.635562014,633928.5,635562.0136
-44493,-289599,122607.25,-166991.75,220.7259868,555.4726553,-0.836244185,-1.195822964,1.461770145,0.635087845,633455.6,635087.8445
-44384.5,-289463.5,122593.75,-166869.75,220.5654605,555.8157189,-0.836228244,-1.195845759,1.462672944,0.634613618,632982.75,634613.6184
-44276,-289328,122580.25,-166747.75,220.4049342,556.1592822,-0.836212302,-1.195868558,1.463577058,0.634139335,632509.8,634139.3351
-44167.5,-289192.5,122566.75,-166625.75,220.2444079,556.5033463,-0.836196358,-1.19589136,1.46448249,0.633664995,632036.94,633664.9949
-44059,-289057,122553.25,-166503.75,220.0838816,556.8479124,-0.836180412,-1.195914166,1.465389243,0.633190598,631564,633190.5978
-43950.5,-288921.5,122539.75,-166381.75,219.9233553,557.1929814,-0.836164464,-1.195936975,1.466297319,0.632716144,631091.1,632716.1437
-43842,-288786,122526.25,-166259.75,219.7628289,557.5385546,-0.836148515,-1.195959787,1.467206723,0.632241633,630618.25,632241.6328
-43733.5,-288650.5,122512.75,-166137.75,219.6023026,557.884633,-0.836132564,-1.195982603,1.468117455,0.631767065,630145.3,631767.065
-43625,-288515,122499.25,-166015.75,219.4417763,558.2312177,-0.836116611,-1.196005422,1.46902952,0.631292441,629672.44,631292.4405
-43516.5,-288379.5,122485.75,-165893.75,219.28125,558.5783098,-0.836100656,-1.196028244,1.469942921,0.630817759,629199.5,630817.7593
-43408,-288244,122472.25,-165771.75,219.1207237,558.9259105,-0.8360847,-1.19605107,1.470857659,0.630343021,628726.6,630343.0215
-43299.5,-288108.5,122458.75,-165649.75,218.9601974,559.2740209,-0.836068742,-1.196073899,1.471773739,0.629868227,628253.75,629868.227
-43191,-287973,122445.25,-165527.75,218.7996711,559.6226421,-0.836052782,-1.196096732,1.472691163,0.629393376,627780.9,629393.376
-43082.5,-287837.5,122431.75,-165405.75,218.6391447,559.9717752,-0.83603682,-1.196119568,1.473609935,0.628918468,627307.94,628918.4684
-42974,-287702,122418.25,-165283.75,218.4786184,560.3214213,-0.836020857,-1.196142407,1.474530056,0.628443504,626835,628443.5044
-42865.5,-287566.5,122404.75,-165161.75,218.3180921,560.6715816,-0.836004892,-1.19616525,1.475451531,0.627968484,626362.2,627968.484
-42757,-287431,122391.25,-165039.75,218.1575658,561.0222573,-0.835988925,-1.196188096,1.476374361,0.627493407,625889.25,627493.4072
-42648.5,-287295.5,122377.75,-164917.75,217.9970395,561.3734494,-0.835972956,-1.196210946,1.477298551,0.627018274,625416.4,627018.2741
-42540,-287160,122364.25,-164795.75,217.8365132,561.725159,-0.835956985,-1.196233799,1.478224103,0.626543085,624943.5,626543.0847
-42431.5,-287024.5,122350.75,-164673.75,217.6759868,562.0773875,-0.835941013,-1.196256655,1.47915102,0.626067839,624470.56,626067.8392
-42323,-286889,122337.25,-164551.75,217.5154605,562.4301358,-0.835925039,-1.196279515,1.480079305,0.625592537,623997.6,625592.5374
-42214.5,-286753.5,122323.75,-164429.75,217.3549342,562.7834051,-0.835909063,-1.196302378,1.481008961,0.62511718,623524.75,625117.1795
-42106,-286618,122310.25,-164307.75,217.1944079,563.1371967,-0.835893086,-1.196325244,1.481939991,0.624641766,623051.9,624641.7656
-41997.5,-286482.5,122296.75,-164185.75,217.0338816,563.4915116,-0.835877106,-1.196348114,1.482872399,0.624166296,622578.94,624166.2957
-41889,-286347,122283.25,-164063.75,216.8733553,563.846351,-0.835861125,-1.196370988,1.483806187,0.62369077,622106.06,623690.7698
-41780.5,-286211.5,122269.75,-163941.75,216.7128289,564.2017161,-0.835845143,-1.196393864,1.484741358,0.623215188,621633.1,623215.1879
-41672,-286076,122256.25,-163819.75,216.5523026,564.5576081,-0.835829158,-1.196416744,1.485677916,0.62273955,621160.25,622739.5502
-41563.5,-285940.5,122242.75,-163697.75,216.3917763,564.9140281,-0.835813172,-1.196439628,1.486615863,0.622263857,620687.4,622263.8567
-41455,-285805,122229.25,-163575.75,216.23125,565.2709773,-0.835797183,-1.196462515,1.487555203,0.621788107,620214.4,621788.1075
-41346.5,-285669.5,122215.75,-163453.75,216.0707237,565.6284568,-0.835781194,-1.196485405,1.488495939,0.621312302,619741.56,621312.3025
-41238,-285534,122202.25,-163331.75,215.9101974,565.9864679,-0.835765202,-1.196508299,1.489438074,0.620836442,619268.6,620836.4418
-41129.5,-285398.5,122188.75,-163209.75,215.7496711,566.3450118,-0.835749208,-1.196531196,1.49038161,0.620360526,618795.75,620360.5256
-41021,-285263,122175.25,-163087.75,215.5891447,566.7040896,-0.835733213,-1.196554097,1.491326552,0.619884554,618322.9,619884.5538
-40912.5,-285127.5,122161.75,-162965.75,215.4286184,567.0637026,-0.835717216,-1.196577001,1.492272901,0.619408526,617850,619408.5265
-40804,-284992,122148.25,-162843.75,215.2680921,567.4238518,-0.835701218,-1.196599908,1.493220663,0.618932444,617377,618932.4437
-40695.5,-284856.5,122134.75,-162721.75,215.1075658,567.7845386,-0.835685217,-1.196622819,1.494169839,0.618456306,616904.2,618456.3055
-40587,-284721,122121.25,-162599.75,214.9470395,568.1457642,-0.835669215,-1.196645733,1.495120432,0.617980112,616431.25,617980.112
-40478.5,-284585.5,122107.75,-162477.75,214.7865132,568.5075297,-0.835653211,-1.196668651,1.496072446,0.617503863,615958.3,617503.8632
-40370,-284450,122094.25,-162355.75,214.6259868,568.8698363,-0.835637205,-1.196691572,1.497025885,0.617027559,615485.44,617027.5591
-40261.5,-284314.5,122080.75,-162233.75,214.4654605,569.2326853,-0.835621197,-1.196714496,1.497980751,0.6165512,615012.5,616551.1998
-40153,-284179,122067.25,-162111.75,214.3049342,569.5960779,-0.835605188,-1.196737424,1.498937047,0.616074785,614539.7,616074.7854
-40044.5,-284043.5,122053.75,-161989.75,214.1444079,569.9600153,-0.835589177,-1.196760355,1.499894777,0.615598316,614066.7,615598.3159
-39936,-283908,122040.25,-161867.75,213.9838816,570.3244987,-0.835573164,-1.19678329,1.500853944,0.615121791,613593.9,615121.7914
-39827.5,-283772.5,122026.75,-161745.75,213.8233553,570.6895294,-0.835557149,-1.196806228,1.501814551,0.614645212,613120.9,614645.2118
-39719,-283637,122013.25,-161623.75,213.6628289,571.0551087,-0.835541133,-1.196829169,1.502776602,0.614168577,612648,614168.5774
-39610.5,-283501.5,121999.75,-161501.75,213.5023026,571.4212376,-0.835525115,-1.196852114,1.503740099,0.613691888,612175.1,613691.888
-39502,-283366,121986.25,-161379.75,213.3417763,571.7879175,-0.835509095,-1.196875063,1.504705046,0.613215144,611702.25,613215.1438
-39393.5,-283230.5,121972.75,-161257.75,213.18125,572.1551497,-0.835493073,-1.196898014,1.505671446,0.612738345,611229.4,612738.3449
-39285,-283095,121959.25,-161135.75,213.0207237,572.5229353,-0.835477049,-1.196920969,1.506639303,0.612261491,610756.44,612261.4912
-39176.5,-282959.5,121945.75,-161013.75,212.8601974,572.8912756,-0.835461024,-1.196943928,1.50760862,0.611784583,610283.5,611784.5829
-39068,-282824,121932.25,-160891.75,212.6996711,573.2601719,-0.835444997,-1.19696689,1.5085794,0.61130762,609810.6,611307.62
-38959.5,-282688.5,121918.75,-160769.75,212.5391447,573.6296255,-0.835428968,-1.196989856,1.509551646,0.610830602,609337.75,610830.6025
-38851,-282553,121905.25,-160647.75,212.3786184,573.9996376,-0.835412938,-1.197012824,1.510525362,0.61035353,608864.8,610353.5304
-38742.5,-282417.5,121891.75,-160525.75,212.2180921,574.3702094,-0.835396905,-1.197035797,1.511500551,0.609876404,608391.94,609876.404
-38634,-282282,121878.25,-160403.75,212.0575658,574.7413423,-0.835380871,-1.197058772,1.512477216,0.609399223,607919,609399.2231
-38525.5,-282146.5,121864.75,-160281.75,211.8970395,575.1130375,-0.835364835,-1.197081752,1.513455362,0.608921988,607446.06,608921.9879
-38417,-282011,121851.25,-160159.75,211.7365132,575.4852962,-0.835348797,-1.197104734,1.51443499,0.608444698,606973.25,608444.6984
-38308.5,-281875.5,121837.75,-160037.75,211.5759868,575.8581199,-0.835332758,-1.19712772,1.515416105,0.607967355,606500.25,607967.3547
-38200,-281740,121824.25,-159915.75,211.4154605,576.2315097,-0.835316717,-1.19715071,1.51639871,0.607489957,606027.4,607489.9567
-38091.5,-281604.5,121810.75,-159793.75,211.2549342,576.605467,-0.835300674,-1.197173702,1.517382808,0.607012505,605554.5,607012.5047
-37983,-281469,121797.25,-159671.75,211.0944079,576.9799931,-0.835284629,-1.197196699,1.518368403,0.606534999,605081.56,606534.9986
-37874.5,-281333.5,121783.75,-159549.75,210.9338816,577.3550891,-0.835268582,-1.197219699,1.519355498,0.606057438,604608.6,606057.4384
-37766,-281198,121770.25,-159427.75,210.7733553,577.7307566,-0.835252534,-1.197242702,1.520344096,0.605579824,604135.75,605579.8243
-37657.5,-281062.5,121756.75,-159305.75,210.6128289,578.1069967,-0.835236484,-1.197265708,1.521334202,0.605102156,603662.8,605102.1563
-37549,-280927,121743.25,-159183.75,210.4523026,578.4838107,-0.835220432,-1.197288718,1.522325818,0.604624434,603190,604624.4345
-37440.5,-280791.5,121729.75,-159061.75,210.2917763,578.8612001,-0.835204378,-1.197311732,1.523318948,0.604146659,602717.1,604146.6588
-37332,-280656,121716.25,-158939.75,210.13125,579.239166,-0.835188322,-1.197334749,1.524313595,0.603668829,602244.2,603668.8294
-37223.5,-280520.5,121702.75,-158817.75,209.9707237,579.6177099,-0.835172265,-1.197357769,1.525309763,0.603190946,601771.3,603190.9464
-37115,-280385,121689.25,-158695.75,209.8101974,579.996833,-0.835156206,-1.197380793,1.526307455,0.60271301,601298.44,602713.0097
-37006.5,-280249.5,121675.75,-158573.75,209.6496711,580.3765367,-0.835140145,-1.19740382,1.527306675,0.602235019,600825.5,602235.0194
-36898,-280114,121662.25,-158451.75,209.4891447,580.7568223,-0.835124082,-1.197426851,1.528307427,0.601756976,600352.6,601756.9756
-36789.5,-279978.5,121648.75,-158329.75,209.3286184,581.1376911,-0.835108018,-1.197449885,1.529309714,0.601278878,599879.75,601278.8783
-36681,-279843,121635.25,-158207.75,209.1680921,581.5191446,-0.835091952,-1.197472922,1.530313538,0.600800728,599406.9,600800.7277
-36572.5,-279707.5,121621.75,-158085.75,209.0075658,581.901184,-0.835075884,-1.197495963,1.531318905,0.600322524,598933.94,600322.5236
-36464,-279572,121608.25,-157963.75,208.8470395,582.2838107,-0.835059814,-1.197519008,1.532325818,0.599844266,598461.06,599844.2663
-36355.5,-279436.5,121594.75,-157841.75,208.6865132,582.6670261,-0.835043743,-1.197542056,1.533334279,0.599365956,597988.2,599365.9558
-36247,-279301,121581.25,-157719.75,208.5259868,583.0508314,-0.835027669,-1.197565107,1.534344293,0.598887592,597515.3,598887.5921
-36138.5,-279165.5,121567.75,-157597.75,208.3654605,583.4352281,-0.835011594,-1.197588162,1.535355864,0.598409175,597042.4,598409.1752
-36030,-279030,121554.25,-157475.75,208.2049342,583.8202176,-0.834995517,-1.19761122,1.536368994,0.597930705,596569.5,597930.7053
-35921.5,-278894.5,121540.75,-157353.75,208.0444079,584.2058012,-0.834979438,-1.197634282,1.537383687,0.597452182,596096.5,597452.1824
-35813,-278759,121527.25,-157231.75,207.8838816,584.5919803,-0.834963358,-1.197657347,1.538399948,0.596973607,595623.7,596973.6066
-35704.5,-278623.5,121513.75,-157109.75,207.7233553,584.9787562,-0.834947276,-1.197680415,1.53941778,0.596494978,595150.75,596494.9778
-35596,-278488,121500.25,-156987.75,207.5628289,585.3661304,-0.834931192,-1.197703487,1.540437185,0.596016296,594677.6,596016.2962
-35487.5,-278352.5,121486.75,-156865.75,207.4023026,585.7541043,-0.834915106,-1.197726563,1.541458169,0.595537562,594204.5,595537.5619
-35379,-278217,121473.25,-156743.75,207.2417763,586.1426791,-0.834899018,-1.197749642,1.542480735,0.595058775,593731.4,595058.7748
-35270.5,-278081.5,121459.75,-156621.75,207.08125,586.5318565,-0.834882929,-1.197772724,1.543504885,0.594579935,593258.25,594579.935
-35162,-277946,121446.25,-156499.75,206.9207237,586.9216376,-0.834866838,-1.19779581,1.544530625,0.594101043,592781.56,594101.0427
-35053.5,-277810.5,121432.75,-156377.75,206.7601974,587.312024,-0.834850745,-1.197818899,1.545557958,0.593622098,592303.06,593622.0978
-34945,-277675,121419.25,-156255.75,206.5996711,587.7030171,-0.83483465,-1.197841992,1.546586887,0.5931431,591824.5,593143.1004
-34836.5,-277539.5,121405.75,-156133.75,206.4391447,588.0946182,-0.834818553,-1.197865088,1.547617416,0.592664051,591346,592664.0506
-34728,-277404,121392.25,-156011.75,206.2786184,588.4868288,-0.834802455,-1.197888188,1.548649549,0.592184948,590867.56,592184.9484
-34619.5,-277268.5,121378.75,-155889.75,206.1180921,588.8796503,-0.834786355,-1.197911291,1.54968329,0.591705794,590389,591705.7939
-34511,-277133,121365.25,-155767.75,205.9575658,589.2730842,-0.834770253,-1.197934398,1.550718643,0.591226587,589910.5,591226.5872
-34402.5,-276997.5,121351.75,-155645.75,205.7970395,589.6671318,-0.834754149,-1.197957508,1.55175561,0.590747328,589432.06,590747.3283
-34294,-276862,121338.25,-155523.75,205.6365132,590.0617947,-0.834738043,-1.197980621,1.552794196,0.590268017,588953.5,590268.0172
-34185.5,-276726.5,121324.75,-155401.75,205.4759868,590.4570742,-0.834721936,-1.198003738,1.553834406,0.589788654,588475.06,589788.6541
-34077,-276591,121311.25,-155279.75,205.3154605,590.8529718,-0.834705827,-1.198026859,1.554876241,0.589309239,587996.44,589309.2389
-33968.5,-276455.5,121297.75,-155157.75,205.1549342,591.2494889,-0.834689716,-1.198049983,1.555919708,0.588829772,587518,588829.7718
-33860,-276320,121284.25,-155035.75,204.9944079,591.6466271,-0.834673603,-1.19807311,1.556964808,0.588350253,587039.44,588350.2528
-33751.5,-276184.5,121270.75,-154913.75,204.8338816,592.0443877,-0.834657489,-1.198096241,1.558011547,0.587870682,586561,587870.682
-33643,-276049,121257.25,-154791.75,204.6733553,592.4427723,-0.834641373,-1.198119375,1.559059927,0.587391059,586082.5,587391.0594
-33534.5,-275913.5,121243.75,-154669.75,204.5128289,592.8417822,-0.834625255,-1.198142513,1.560109953,0.586911385,585603.94,586911.3851
-33426,-275778,121230.25,-154547.75,204.3523026,593.2414191,-0.834609135,-1.198165654,1.561161629,0.586431659,585125.44,586431.6591
-33317.5,-275642.5,121216.75,-154425.75,204.1917763,593.6416842,-0.834593013,-1.198188799,1.562214959,0.585951882,584646.94,585951.8816
-33209,-275507,121203.25,-154303.75,204.03125,594.0425793,-0.83457689,-1.198211947,1.563269945,0.585472052,584168.5,585472.0525
-33100.5,-275371.5,121189.75,-154181.75,203.8707237,594.4441056,-0.834560764,-1.198235099,1.564326594,0.584992172,583690,584992.1719
-32992,-275236,121176.25,-154059.75,203.7101974,594.8462648,-0.834544637,-1.198258254,1.565384907,0.58451224,583211.5,584512.2399
-32883.5,-275100.5,121162.75,-153937.75,203.5496711,595.2490582,-0.834528508,-1.198281413,1.56644489,0.584032257,582733,584032.2566
-32775,-274965,121149.25,-153815.75,203.3891447,595.6524875,-0.834512378,-1.198304575,1.567506546,0.583552222,582254.5,583552.222
-32666.5,-274829.5,121135.75,-153693.75,203.2286184,596.0565541,-0.834496245,-1.19832774,1.568569879,0.583072136,581776.06,583072.1361
-32558,-274694,121122.25,-153571.75,203.0680921,596.4612596,-0.834480111,-1.198350909,1.569634894,0.582591999,581297.56,582591.9991
-32449.5,-274558.5,121108.75,-153449.75,202.9075658,596.8666054,-0.834463975,-1.198374082,1.570701593,0.582111811,580819.06,582111.811
-32341,-274423,121095.25,-153327.75,202.7470395,597.2725931,-0.834447837,-1.198397258,1.571769982,0.581631572,580340.5,581631.5719
-32232.5,-274287.5,121081.75,-153205.75,202.5865132,597.6792241,-0.834431698,-1.198420437,1.572840063,0.581151282,579862.06,581151.2817
-32124,-274152,121068.25,-153083.75,202.4259868,598.0865001,-0.834415556,-1.19844362,1.573911842,0.580670941,579383.56,580670.9407
-32015.5,-274016.5,121054.75,-152961.75,202.2654605,598.4944226,-0.834399413,-1.198466807,1.574985323,0.580190549,578905.1,580190.5487
-31907,-273881,121041.25,-152839.75,202.1049342,598.902993,-0.834383268,-1.198489997,1.576060508,0.579710106,578426.6,579710.106
-31798.5,-273745.5,121027.75,-152717.75,201.9444079,599.312213,-0.834367121,-1.19851319,1.577137403,0.579229613,577948.06,579229.6126
-31690,-273610,121014.25,-152595.75,201.7838816,599.7220841,-0.834350972,-1.198536387,1.578216011,0.578749069,577469.56,578749.0685
-31581.5,-273474.5,121000.75,-152473.75,201.6233553,600.1326079,-0.834334822,-1.198559588,1.579296336,0.578268474,576991.06,578268.4738
-31473,-273339,120987.25,-152351.75,201.4628289,600.5437858,-0.83431867,-1.198582791,1.580378384,0.577787829,576512.6,577787.8285
-31364.5,-273203.5,120973.75,-152229.75,201.3023026,600.9556196,-0.834302516,-1.198605999,1.581462157,0.577307133,576034.06,577307.1328
-31256,-273068,120960.25,-152107.75,201.1417763,601.3681107,-0.83428636,-1.19862921,1.58254766,0.576826387,575555.5,576826.3867
-31147.5,-272932.5,120946.75,-151985.75,200.98125,601.7812607,-0.834270202,-1.198652424,1.583634897,0.57634559,575077.1,576345.5901
-31039,-272797,120933.25,-151863.75,200.8207237,602.1950712,-0.834254043,-1.198675642,1.584723872,0.575864743,574598.56,575864.7434
-30930.5,-272661.5,120919.75,-151741.75,200.6601974,602.6095438,-0.834237881,-1.198698863,1.585814589,0.575383846,574120.06,575383.8463
-30822,-272526,120906.25,-151619.75,200.4996711,603.0246801,-0.834221718,-1.198722088,1.586907053,0.574902899,573641.5,574902.8991
-30713.5,-272390.5,120892.75,-151497.75,200.3391447,603.4404817,-0.834205553,-1.198745316,1.588001268,0.574421902,573163.06,574421.9019
-30605,-272255,120879.25,-151375.75,200.1786184,603.8569501,-0.834189387,-1.198768548,1.589097237,0.573940855,572684.5,573940.8545
-30496.5,-272119.5,120865.75,-151253.75,200.0180921,604.274087,-0.834173218,-1.198791783,1.590194966,0.573459757,572206.06,573459.7573
-30388,-271984,120852.25,-151131.75,199.8575658,604.6918941,-0.834157048,-1.198815022,1.591294458,0.57297861,571727.56,572978.6101
-30279.5,-271848.5,120838.75,-151009.75,199.6970395,605.1103728,-0.834140876,-1.198838265,1.592395718,0.572497413,571249,572497.413
-30171,-271713,120825.25,-150887.75,199.5365132,605.5295248,-0.834124702,-1.19886151,1.59349875,0.572016166,570770.56,572016.1662
-30062.5,-271577.5,120811.75,-150765.75,199.3759868,605.9493518,-0.834108526,-1.19888476,1.594603557,0.57153487,570292,571534.8697
-29954,-271442,120798.25,-150643.75,199.2154605,606.3698554,-0.834092349,-1.198908012,1.595710146,0.571053524,569813.5,571053.5235
-29845.5,-271306.5,120784.75,-150521.75,199.0549342,606.7910373,-0.834076169,-1.198931269,1.596818519,0.570572128,569335.06,570572.1278
-29737,-271171,120771.25,-150399.75,198.8944079,607.2128989,-0.834059988,-1.198954529,1.597928681,0.570090683,568856.5,570090.6825
-29628.5,-271035.5,120757.75,-150277.75,198.7338816,607.6354421,-0.834043805,-1.198977792,1.599040637,0.569609188,568378,569609.1878
-29520,-270900,120744.25,-150155.75,198.5733553,608.0586685,-0.834027621,-1.199001059,1.600154391,0.569127644,567899.44,569127.6437
-29411.5,-270764.5,120730.75,-150033.75,198.4128289,608.4825797,-0.834011434,-1.199024329,1.601269947,0.56864605,567421,568646.0503
-29303,-270629,120717.25,-149911.75,198.2523026,608.9071774,-0.833995246,-1.199047603,1.602387309,0.568164408,566942.44,568164.4076
-29194.5,-270493.5,120703.75,-149789.75,198.0917763,609.3324632,-0.833979055,-1.19907088,1.603506482,0.567682716,566464,567682.7157
-29086,-270358,120690.25,-149667.75,197.93125,609.7584389,-0.833962863,-1.199094161,1.604627471,0.567200975,565985.4,567200.9747
-28977.5,-270222.5,120676.75,-149545.75,197.7707237,610.185106,-0.83394667,-1.199117445,1.605750279,0.566719185,565506.6,566719.1847
-28869,-270087,120663.25,-149423.75,197.6101974,610.6124664,-0.833930474,-1.199140733,1.606874912,0.566237346,565027.75,566237.3457
-28760.5,-269951.5,120649.75,-149301.75,197.4496711,611.0405217,-0.833914277,-1.199164025,1.608001373,0.565755458,564549,565755.4577
-28652,-269816,120636.25,-149179.75,197.2891447,611.4692735,-0.833898077,-1.199187319,1.609129667,0.565273521,564070.2,565273.5209
-28543.5,-269680.5,120622.75,-149057.75,197.1286184,611.8987236,-0.833881876,-1.199210618,1.610259799,0.564791535,563591.5,564791.5353
-28435,-269545,120609.25,-148935.75,196.9680921,612.3288737,-0.833865673,-1.19923392,1.611391773,0.564309501,563112.6,564309.501
-28326.5,-269409.5,120595.75,-148813.75,196.8075658,612.7597256,-0.833849469,-1.199257225,1.612525594,0.563827418,562633.9,563827.418
-28218,-269274,120582.25,-148691.75,196.6470395,613.1912808,-0.833833262,-1.199280534,1.613661265,0.563345286,562155.06,563345.2864
-28109.5,-269138.5,120568.75,-148569.75,196.4865132,613.6235412,-0.833817054,-1.199303846,1.614798793,0.562863106,561676.3,562863.1064
-28001,-269003,120555.25,-148447.75,196.3259868,614.0565085,-0.833800844,-1.199327162,1.61593818,0.562380878,561197.5,562380.8778
-27892.5,-268867.5,120541.75,-148325.75,196.1654605,614.4901843,-0.833784632,-1.199350482,1.617079432,0.561898601,560718.6,561898.6009
-27784,-268732,120528.25,-148203.75,196.0049342,614.9245706,-0.833768418,-1.199373805,1.618222554,0.561416276,560239.9,561416.2757
-27675.5,-268596.5,120514.75,-148081.75,195.8444079,615.3596689,-0.833752203,-1.199397131,1.61936755,0.560933902,559761.1,560933.9022
-27567,-268461,120501.25,-147959.75,195.6838816,615.7954811,-0.833735985,-1.199420461,1.620514424,0.560451481,559282.4,560451.4805
-27458.5,-268325.5,120487.75,-147837.75,195.5233553,616.2320089,-0.833719766,-1.199443795,1.621663181,0.559969011,558803.56,559969.0108
-27350,-268190,120474.25,-147715.75,195.3628289,616.6692541,-0.833703545,-1.199467132,1.622813827,0.559486493,558324.75,559486.493
-27241.5,-268054.5,120460.75,-147593.75,195.2023026,617.1072184,-0.833687322,-1.199490473,1.623966364,0.559003927,557846,559003.9272
-27133,-267919,120447.25,-147471.75,195.0417763,617.5459036,-0.833671097,-1.199513817,1.625120799,0.558521313,557367.2,558521.3135
-27024.5,-267783.5,120433.75,-147349.75,194.88125,617.9853116,-0.833654871,-1.199537164,1.626277136,0.558038652,556888.4,558038.652
-26916,-267648,120420.25,-147227.75,194.7207237,618.425444,-0.833638643,-1.199560516,1.627435379,0.557555943,556409.6,557555.9427
-26807.5,-267512.5,120406.75,-147105.75,194.5601974,618.8663027,-0.833622413,-1.19958387,1.628595533,0.557073186,555930.8,557073.1857
-26699,-267377,120393.25,-146983.75,194.3996711,619.3078895,-0.833606181,-1.199607229,1.629757604,0.556590381,555452,556590.3811
-26590.5,-267241.5,120379.75,-146861.75,194.2391447,619.7502062,-0.833589947,-1.19963059,1.630921595,0.556107529,554973.2,556107.5289
-26482,-267106,120366.25,-146739.75,194.0786184,620.1932546,-0.833573711,-1.199653956,1.632087512,0.555624629,554494.4,555624.6293
-26373.5,-266970.5,120352.75,-146617.75,193.9180921,620.6370365,-0.833557474,-1.199677324,1.633255359,0.555141682,554015.6,555141.6822
-26265,-266835,120339.25,-146495.75,193.7575658,621.0815537,-0.833541235,-1.199700697,1.634425141,0.554658688,553536.8,554658.6878
-26156.5,-266699.5,120325.75,-146373.75,193.5970395,621.5268081,-0.833524994,-1.199724073,1.635596863,0.554175646,553058,554175.6461
-26048,-266564,120312.25,-146251.75,193.4365132,621.9728015,-0.833508751,-1.199747452,1.63677053,0.553692557,552579.25,553692.5572
-25939.5,-266428.5,120298.75,-146129.75,193.2759868,622.4195357,-0.833492506,-1.199770835,1.637946147,0.553209421,552100.44,553209.4212
-25831,-266293,120285.25,-146007.75,193.1154605,622.8670127,-0.83347626,-1.199794222,1.639123718,0.552726238,551621.6,552726.2381
-25722.5,-266157.5,120271.75,-145885.75,192.9549342,623.3152342,-0.833460011,-1.199817612,1.640303248,0.552243008,551142.9,552243.008
-25614,-266022,120258.25,-145763.75,192.7944079,623.764202,-0.833443761,-1.199841005,1.641484742,0.551759731,550664.06,551759.731
-25505.5,-265886.5,120244.75,-145641.75,192.6338816,624.2139182,-0.833427509,-1.199864402,1.642668206,0.551276407,550185.25,551276.4071
-25397,-265751,120231.25,-145519.75,192.4733553,624.6643845,-0.833411255,-1.199887803,1.643853643,0.550793036,549706.44,550793.0365
-25288.5,-265615.5,120217.75,-145397.75,192.3128289,625.1156028,-0.833395,-1.199911207,1.64504106,0.550309619,549227.6,550309.6191
-25180,-265480,120204.25,-145275.75,192.1523026,625.5675751,-0.833378742,-1.199934615,1.646230461,0.549826155,548748.9,549826.1551
-25071.5,-265344.5,120190.75,-145153.75,191.9917763,626.0203031,-0.833362483,-1.199958026,1.64742185,0.549342645,548270.06,549342.6446
-24963,-265209,120177.25,-145031.75,191.83125,626.4737888,-0.833346222,-1.199981441,1.648615234,0.548859088,547791.25,548859.0875
-24854.5,-265073.5,120163.75,-144909.75,191.6707237,626.9280341,-0.833329959,-1.200004859,1.649810616,0.548375484,547312.44,548375.4841
-24746,-264938,120150.25,-144787.75,191.5101974,627.383041,-0.833313694,-1.200028281,1.651008003,0.547891834,546833.75,547891.8343
-24637.5,-264802.5,120136.75,-144665.75,191.3496711,627.8388112,-0.833297427,-1.200051707,1.652207398,0.547408138,546354.9,547408.1382
-24529,-264667,120123.25,-144543.75,191.1891447,628.2953468,-0.833281159,-1.200075136,1.653408807,0.546924396,545876.06,546924.3959
-24420.5,-264531.5,120109.75,-144421.75,191.0286184,628.7526497,-0.833264889,-1.200098568,1.654612236,0.546440608,545397.3,546440.6075
-24312,-264396,120096.25,-144299.75,190.8680921,629.2107218,-0.833248617,-1.200122004,1.655817689,0.545956773,544918.5,545956.7731
-24203.5,-264260.5,120082.75,-144177.75,190.7075658,629.669565,-0.833232343,-1.200145444,1.657025171,0.545472893,544439.75,545472.8926
-24095,-264125,120069.25,-144055.75,190.5470395,630.1291814,-0.833216067,-1.200168887,1.658234688,0.544988966,543960.9,544988.9663
-23986.5,-263989.5,120055.75,-143933.75,190.3865132,630.5895728,-0.83319979,-1.200192334,1.659446244,0.544504994,543482.1,544504.9941
-23878,-263854,120042.25,-143811.75,190.2259868,631.0507412,-0.83318351,-1.200215784,1.660659845,0.544020976,543003.3,544020.9762
-23769.5,-263718.5,120028.75,-143689.75,190.0654605,631.5126887,-0.833167229,-1.200239238,1.661875496,0.543536913,542524.56,543536.9126
-23661,-263583,120015.25,-143567.75,189.9049342,631.9754171,-0.833150946,-1.200262695,1.663093203,0.543052803,542045.7,543052.8033
-23552.5,-263447.5,120001.75,-143445.75,189.7444079,632.4389284,-0.833134661,-1.200286156,1.664312969,0.542568649,541566.9,542568.6486
-23444,-263312,119988.25,-143323.75,189.5838816,632.9032247,-0.833118374,-1.200309621,1.665534802,0.542084448,541088.1,542084.4483
-23335.5,-263176.5,119974.75,-143201.75,189.4233553,633.3683079,-0.833102086,-1.200333089,1.666758705,0.541600203,540609.3,541600.2027
-23227,-263041,119961.25,-143079.75,189.2628289,633.8341801,-0.833085795,-1.200356561,1.667984684,0.541115912,540130.5,541115.9118
-23118.5,-262905.5,119947.75,-142957.75,189.1023026,634.3008431,-0.833069503,-1.200380036,1.669212745,0.540631576,539651.75,540631.5756
-23010,-262770,119934.25,-142835.75,188.9417763,634.7682992,-0.833053209,-1.200403515,1.670442893,0.540147194,539172.9,540147.1943
-22901.5,-262634.5,119920.75,-142713.75,188.78125,635.2365502,-0.833036913,-1.200426997,1.671675132,0.539662768,538694.1,539662.7679
-22793,-262499,119907.25,-142591.75,188.6207237,635.7055983,-0.833020615,-1.200450483,1.672909469,0.539178296,538215.3,539178.2964
-22684.5,-262363.5,119893.75,-142469.75,188.4601974,636.1754454,-0.833004316,-1.200473972,1.674145909,0.53869378,537736.5,538693.7801
-22576,-262228,119880.25,-142347.75,188.2996711,636.6460936,-0.832988014,-1.200497465,1.675384457,0.538209219,537257.75,538209.2188
-22467.5,-262092.5,119866.75,-142225.75,188.1391447,637.1175449,-0.832971711,-1.200520962,1.676625118,0.537724613,536778.94,537724.6128
-22359,-261957,119853.25,-142103.75,187.9786184,637.5898015,-0.832955406,-1.200544462,1.677867899,0.537239962,536300.1,537239.9621
-22250.5,-261821.5,119839.75,-141981.75,187.8180921,638.0628653,-0.832939099,-1.200567966,1.679112803,0.536755267,535821.3,536755.2668
-22142,-261686,119826.25,-141859.75,187.6575658,638.5367384,-0.832922791,-1.200591473,1.680359838,0.536270527,535342.56,536270.5269
-22033.5,-261550.5,119812.75,-141737.75,187.4970395,639.011423,-0.83290648,-1.200614984,1.681609008,0.535785743,534863.7,535785.7425
-21925,-261415,119799.25,-141615.75,187.3365132,639.4869211,-0.832890168,-1.200638498,1.682860319,0.535300914,534384.94,535300.9137
-21816.5,-261279.5,119785.75,-141493.75,187.1759868,639.9632347,-0.832873853,-1.200662016,1.684113776,0.534816041,533906.2,534816.0406
-21708,-261144,119772.25,-141371.75,187.0154605,640.4403661,-0.832857537,-1.200685538,1.685369384,0.534331123,533427.44,534331.1233
-21599.5,-261008.5,119758.75,-141249.75,186.8549342,640.9183172,-0.832841219,-1.200709063,1.686627151,0.533846162,532948.7,533846.1618
-21491,-260873,119745.25,-141127.75,186.6944079,641.3970903,-0.832824899,-1.200732592,1.68788708,0.533361156,532469.94,533361.1562
-21382.5,-260737.5,119731.75,-141005.75,186.5338816,641.8766874,-0.832808578,-1.200756124,1.689149177,0.532876107,531991.2,532876.1066
-21274,-260602,119718.25,-140883.75,186.3733553,642.3571107,-0.832792254,-1.20077966,1.690413449,0.532391013,531512.5,532391.013
-21165.5,-260466.5,119704.75,-140761.75,186.2128289,642.8383623,-0.832775929,-1.200803199,1.691679901,0.531905876,531033.7,531905.8756
-21057,-260331,119691.25,-140639.75,186.0523026,643.3204443,-0.832759602,-1.200826742,1.692948538,0.531420694,530555,531420.6944
-20948.5,-260195.5,119677.75,-140517.75,185.8917763,643.803359,-0.832743273,-1.200850289,1.694219366,0.53093547,530076.2,530935.4696
-20840,-260060,119664.25,-140395.75,185.73125,644.2871084,-0.832726942,-1.200873839,1.69549239,0.530450201,529597.5,530450.2011
-20731.5,-259924.5,119650.75,-140273.75,185.5707237,644.7716947,-0.83271061,-1.200897393,1.696767618,0.529964889,529118.7,529964.889
-20623,-259789,119637.25,-140151.75,185.4101974,645.2571201,-0.832694275,-1.20092095,1.698045053,0.529479534,528640,529479.5335
-20514.5,-259653.5,119623.75,-140029.75,185.2496711,645.7433869,-0.832677939,-1.200944511,1.699324702,0.528994135,528161.2,528994.1346
-20406,-259518,119610.25,-139907.75,185.0891447,646.230497,-0.8326616,-1.200968076,1.700606571,0.528508692,527682.44,528508.6924
-20297.5,-259382.5,119596.75,-139785.75,184.9286184,646.7184529,-0.83264526,-1.200991644,1.701890665,0.528023207,527203.75,528023.207
-20189,-259247,119583.25,-139663.75,184.7680921,647.2072566,-0.832628919,-1.201015215,1.703176991,0.527537678,526724.94,527537.6785
-20080.5,-259111.5,119569.75,-139541.75,184.6075658,647.6969104,-0.832612575,-1.201038791,1.704465554,0.527052107,526246.1,527052.1069
-19972,-258976,119556.25,-139419.75,184.4470395,648.1874165,-0.832596229,-1.20106237,1.705756359,0.526566492,525767.44,526566.4923
-19863.5,-258840.5,119542.75,-139297.75,184.2865132,648.6787771,-0.832579882,-1.201085952,1.707049414,0.526080835,525288.6,526080.8348
-19755,-258705,119529.25,-139175.75,184.1259868,649.1709945,-0.832563533,-1.201109538,1.708344722,0.525595134,524809.94,525595.1344
-19646.5,-258569.5,119515.75,-139053.75,183.9654605,649.664071,-0.832547182,-1.201133128,1.709642292,0.525109391,524331.2,525109.3914
-19538,-258434,119502.25,-138931.75,183.8049342,650.1580086,-0.832530829,-1.201156721,1.710942128,0.524623606,523852.44,524623.6057
-19429.5,-258298.5,119488.75,-138809.75,183.6444079,650.6528098,-0.832514474,-1.201180318,1.712244236,0.524137777,523373.7,524137.7773
-19321,-258163,119475.25,-138687.75,183.4838816,651.1484768,-0.832498117,-1.201203918,1.713548623,0.523651907,522894.9,523651.9065
-19212.5,-258027.5,119461.75,-138565.75,183.3233553,651.6450118,-0.832481759,-1.201227522,1.714855294,0.523165993,522416.12,523165.9933
-19104,-257892,119448.25,-138443.75,183.1628289,652.1424171,-0.832465398,-1.20125113,1.716164256,0.522680038,521937.44,522680.0378
-18995.5,-257756.5,119434.75,-138321.75,183.0023026,652.6406951,-0.832449036,-1.201274741,1.717475514,0.52219404,521458.7,522194.04
-18887,-257621,119421.25,-138199.75,182.8417763,653.139848,-0.832432672,-1.201298356,1.718789074,0.521708,520979.88,521708
-18778.5,-257485.5,119407.75,-138077.75,182.68125,653.6398782,-0.832416306,-1.201321974,1.720104943,0.521221918,520501.12,521221.9179
-18670,-257350,119394.25,-137955.75,182.5207237,654.1407879,-0.832399938,-1.201345596,1.721423126,0.520735794,520022.38,520735.7939
-18561.5,-257214.5,119380.75,-137833.75,182.3601974,654.6425795,-0.832383569,-1.201369221,1.72274363,0.520249628,519543.62,520249.6279
-18453,-257079,119367.25,-137711.75,182.1996711,655.1452553,-0.832367197,-1.201392851,1.724066461,0.51976342,519064.88,519763.4201
-18344.5,-256943.5,119353.75,-137589.75,182.0391447,655.6488176,-0.832350824,-1.201416483,1.725391625,0.51927717,518586.1,519277.1705
-18236,-256808,119340.25,-137467.75,181.8786184,656.1532688,-0.832334449,-1.20144012,1.726719128,0.518790879,518107.38,518790.8792
-18127.5,-256672.5,119326.75,-137345.75,181.7180921,656.6586112,-0.832318072,-1.20146376,1.728048977,0.518304546,517628.6,518304.5464
-18019,-256537,119313.25,-137223.75,181.5575658,657.1648473,-0.832301693,-1.201487403,1.729381177,0.517818172,517149.8,517818.172
-17910.5,-256401.5,119299.75,-137101.75,181.3970395,657.6719794,-0.832285312,-1.201511051,1.730715735,0.517331756,516671.06,517331.7562
-17802,-256266,119286.25,-136979.75,181.2365132,658.1800098,-0.83226893,-1.201534701,1.732052657,0.516845299,516192.3,516845.2991
-17693.5,-256130.5,119272.75,-136857.75,181.0759868,658.6889409,-0.832252545,-1.201558356,1.73339195,0.516358801,515713.53,516358.8007
-17585,-255995,119259.25,-136735.75,180.9154605,659.1987752,-0.832236159,-1.201582014,1.734733619,0.515872261,515234.75,515872.2612
-17476.5,-255859.5,119245.75,-136613.75,180.7549342,659.7095151,-0.832219771,-1.201605675,1.736077671,0.515385681,514756,515385.6806
-17368,-255724,119232.25,-136491.75,180.5944079,660.2211629,-0.832203381,-1.201629341,1.737424113,0.514899059,514277.2,514899.059
-17259.5,-255588.5,119218.75,-136369.75,180.4338816,660.7337212,-0.832186989,-1.20165301,1.73877295,0.514412396,513798.47,514412.3964
-17151,-255453,119205.25,-136247.75,180.2733553,661.2471922,-0.832170595,-1.201676682,1.74012419,0.513925693,513319.7,513925.6931
-17042.5,-255317.5,119191.75,-136125.75,180.1128289,661.7615785,-0.8321542,-1.201700358,1.741477838,0.513438949,512840.94,513438.9489
-16934,-255182,119178.25,-136003.75,179.9523026,662.2768826,-0.832137802,-1.201724038,1.742833902,0.512952164,512362.16,512952.1642
-16825.5,-255046.5,119164.75,-135881.75,179.7917763,662.7931068,-0.832121403,-1.201747721,1.744192386,0.512465339,511883.38,512465.3388
-16717,-254911,119151.25,-135759.75,179.63125,663.3102536,-0.832105002,-1.201771408,1.745553299,0.511978473,511404.62,511978.473
-16608.5,-254775.5,119137.75,-135637.75,179.4707237,663.8283256,-0.832088599,-1.201795099,1.746916646,0.511491567,510925.9,511491.5668
-16500,-254640,119124.25,-135515.75,179.3101974,664.3473252,-0.832072194,-1.201818793,1.748282435,0.51100462,510447.1,511004.6202
-16391.5,-254504.5,119110.75,-135393.75,179.1496711,664.8672548,-0.832055788,-1.201842491,1.749650671,0.510517633,509968.38,510517.6334
-16283,-254369,119097.25,-135271.75,178.9891447,665.3881171,-0.832039379,-1.201866192,1.751021361,0.510030607,509489.56,510030.6065
-16174.5,-254233.5,119083.75,-135149.75,178.8286184,665.9099145,-0.832022969,-1.201889897,1.752394512,0.50954354,509010.8,509543.5395
-16066,-254098,119070.25,-135027.75,178.6680921,666.4326495,-0.832006556,-1.201913606,1.75377013,0.509056433,508532.06,509056.4326
-15957.5,-253962.5,119056.75,-134905.75,178.5075658,666.9563246,-0.831990142,-1.201937318,1.755148223,0.508569286,508053.25,508569.2858
-15849,-253827,119043.25,-134783.75,178.3470395,667.4809425,-0.831973726,-1.201961034,1.756528796,0.508082099,507574.5,508082.0992
-15740.5,-253691.5,119029.75,-134661.75,178.1865132,668.0065056,-0.831957308,-1.201984753,1.757911857,0.507594873,507095.75,507594.8729
-15632,-253556,119016.25,-134539.75,178.0259868,668.5330165,-0.831940889,-1.202008477,1.759297412,0.507107607,506616.9,507107.6069
-15523.5,-253420.5,119002.75,-134417.75,177.8654605,669.0604778,-0.831924467,-1.202032203,1.760685468,0.506620301,506138.12,506620.3015
-15415,-253285,118989.25,-134295.75,177.7049342,669.588892,-0.831908044,-1.202055934,1.762076032,0.506132957,505659.44,506132.9566
-15306.5,-253149.5,118975.75,-134173.75,177.5444079,670.1182617,-0.831891618,-1.202079668,1.76346911,0.505645572,505180.66,505645.5723
-15198,-253014,118962.25,-134051.75,177.3838816,670.6485896,-0.831875191,-1.202103405,1.764864709,0.505158149,504701.88,505158.1488
-15089.5,-252878.5,118948.75,-133929.75,177.2233553,671.1798782,-0.831858762,-1.202127147,1.766262837,0.504670686,504223.1,504670.6861
-14981,-252743,118935.25,-133807.75,177.0628289,671.7121301,-0.831842331,-1.202150892,1.7676635,0.504183184,503744.34,504183.1844
-14872.5,-252607.5,118921.75,-133685.75,176.9023026,672.245348,-0.831825898,-1.20217464,1.769066705,0.503695644,503265.6,503695.6436
-14764,-252472,118908.25,-133563.75,176.7417763,672.7795345,-0.831809464,-1.202198392,1.770472459,0.503208064,502786.84,503208.064
-14655.5,-252336.5,118894.75,-133441.75,176.58125,673.3146922,-0.831793027,-1.202222148,1.771880769,0.502720445,502308,502720.4455
-14547,-252201,118881.25,-133319.75,176.4207237,673.8508239,-0.831776589,-1.202245908,1.773291642,0.502232788,501829.3,502232.7883
-14438.5,-252065.5,118867.75,-133197.75,176.2601974,674.387932,-0.831760149,-1.202269671,1.774705084,0.501745092,501350.5,501745.0924
-14330,-251930,118854.25,-133075.75,176.0996711,674.9260194,-0.831743706,-1.202293438,1.776121104,0.501257358,500871.75,501257.3581
-14221.5,-251794.5,118840.75,-132953.75,175.9391447,675.4650887,-0.831727262,-1.202317208,1.777539707,0.500769585,500392.94,500769.5852
-14113,-251659,118827.25,-132831.75,175.7786184,676.0051425,-0.831710817,-1.202340982,1.778960901,0.500281774,499914.22,500281.774
-14004.5,-251523.5,118813.75,-132709.75,175.6180921,676.5461837,-0.831694369,-1.20236476,1.780384694,0.499793925,499435.44,499793.9246
-13896,-251388,118800.25,-132587.75,175.4575658,677.0882148,-0.831677919,-1.202388541,1.781811092,0.499306037,498956.53,499306.0369
-13787.5,-251252.5,118786.75,-132465.75,175.2970395,677.6312387,-0.831661468,-1.202412326,1.783240102,0.498818111,498477.53,498818.1112
-13679,-251117,118773.25,-132343.75,175.1365132,678.175258,-0.831645015,-1.202436115,1.784671732,0.498330147,497998.7,498330.1474
-13570.5,-250981.5,118759.75,-132221.75,174.9759868,678.7202755,-0.831628559,-1.202459907,1.786105988,0.497842146,497519.7,497842.1458
-13462,-250846,118746.25,-132099.75,174.8154605,679.266294,-0.831612102,-1.202483703,1.787542879,0.497354106,497040.75,497354.1063
-13353.5,-250710.5,118732.75,-131977.75,174.6549342,679.8133161,-0.831595643,-1.202507502,1.788982411,0.496866029,496561.8,496866.0292
-13245,-250575,118719.25,-131855.75,174.4944079,680.3613447,-0.831579183,-1.202531305,1.790424591,0.496377914,496082.8,496377.9144
-13136.5,-250439.5,118705.75,-131733.75,174.3338816,680.9103826,-0.83156272,-1.202555112,1.791869428,0.495889762,495603.84,495889.762
-13028,-250304,118692.25,-131611.75,174.1733553,681.4604325,-0.831546255,-1.202578923,1.793316928,0.495401572,495124.9,495401.5723
-12919.5,-250168.5,118678.75,-131489.75,174.0128289,682.0114972,-0.831529789,-1.202602737,1.794767098,0.494913345,494645.97,494913.3451
-12811,-250033,118665.25,-131367.75,173.8523026,682.5635796,-0.831513321,-1.202626555,1.796219946,0.494425081,494167.06,494425.0808
-12702.5,-249897.5,118651.75,-131245.75,173.6917763,683.1166824,-0.83149685,-1.202650376,1.79767548,0.493936779,493688.1,493936.7792
-12594,-249762,118638.25,-131123.75,173.53125,683.6708086,-0.831480378,-1.202674201,1.799133707,0.493448441,493209.1,493448.4406
-12485.5,-249626.5,118624.75,-131001.75,173.3707237,684.2259609,-0.831463905,-1.20269803,1.800594634,0.492960065,492729.12,492960.065
-12377,-249491,118611.25,-130879.75,173.2101974,684.7821422,-0.831447429,-1.202721862,1.802058269,0.492471653,492248.62,492471.6526
-12268.5,-249355.5,118597.75,-130757.75,173.0496711,685.3393553,-0.831430951,-1.202745699,1.803524619,0.491983203,491768.1,491983.2033
-12160,-249220,118584.25,-130635.75,172.8891447,685.8976032,-0.831414472,-1.202769538,1.804993693,0.491494717,491287.53,491494.7174
-12051.5,-249084.5,118570.75,-130513.75,172.7286184,686.4568888,-0.83139799,-1.202793382,1.806465497,0.491006195,490806.94,491006.1949
-11943,-248949,118557.25,-130391.75,172.5680921,687.0172148,-0.831381507,-1.202817229,1.807940039,0.490517636,490326.4,490517.6358
-11834.5,-248813.5,118543.75,-130269.75,172.4075658,687.5785843,-0.831365022,-1.202841079,1.809417327,0.49002904,489845.84,490029.0404
-11726,-248678,118530.25,-130147.75,172.2470395,688.1410001,-0.831348535,-1.202864934,1.810897369,0.489540409,489365.28,489540.4087
-11617.5,-248542.5,118516.75,-130025.75,172.0865132,688.7044651,-0.831332046,-1.202888792,1.812380171,0.489051741,488884.7,489051.7407
-11509,-248407,118503.25,-129903.75,171.9259868,689.2689824,-0.831315555,-1.202912654,1.813865743,0.488563037,488404.12,488563.0366
-11400.5,-248271.5,118489.75,-129781.75,171.7654605,689.8345548,-0.831299062,-1.202936519,1.815354092,0.488074297,487923.6,488074.2965
-11292,-248136,118476.25,-129659.75,171.6049342,690.4011854,-0.831282568,-1.202960388,1.816845225,0.487585521,487443.03,487585.5205
-11183.5,-248000.5,118462.75,-129537.75,171.4444079,690.9688771,-0.831266071,-1.202984261,1.81833915,0.487096709,486962.5,487096.7087
-11075,-247865,118449.25,-129415.75,171.2838816,691.5376328,-0.831249573,-1.203008137,1.819835876,0.486607861,486481.88,486607.8611
-10966.5,-247729.5,118435.75,-129293.75,171.1233553,692.1074556,-0.831233073,-1.203032017,1.821335409,0.486118978,486001.38,486118.9779
-10858,-247594,118422.25,-129171.75,170.9628289,692.6783484,-0.831216571,-1.203055901,1.822837759,0.485630059,485520.88,485630.0592
-10749.5,-247458.5,118408.75,-129049.75,170.8023026,693.2503144,-0.831200067,-1.203079788,1.824342933,0.485141105,485040.25,485141.105
-10641,-247323,118395.25,-128927.75,170.6417763,693.8233565,-0.831183561,-1.203103679,1.825850938,0.484652115,484559.72,484652.1155
-10532.5,-247187.5,118381.75,-128805.75,170.48125,694.3974777,-0.831167053,-1.203127574,1.827361783,0.484163091,484079.16,484163.0907
-10424,-247052,118368.25,-128683.75,170.3207237,694.9726812,-0.831150543,-1.203151472,1.828875477,0.483674031,483598.56,483674.0308
-10315.5,-246916.5,118354.75,-128561.75,170.1601974,695.5489699,-0.831134032,-1.203175374,1.830392026,0.483184936,483118.03,483184.9359
-10207,-246781,118341.25,-128439.75,169.9996711,696.126347,-0.831117519,-1.20319928,1.831911439,0.482695806,482637.44,482695.806
-10098.5,-246645.5,118327.75,-128317.75,169.8391447,696.7048155,-0.831101003,-1.20322319,1.833433725,0.482206641,482156.84,482206.6413
-9990,-246510,118314.25,-128195.75,169.6786184,697.2843786,-0.831084486,-1.203247103,1.834958891,0.481717442,481676.3,481717.4418
-9881.5,-246374.5,118300.75,-128073.75,169.5180921,697.8650392,-0.831067967,-1.203271019,1.836486945,0.481228208,481195.75,481228.2077
-9773,-246239,118287.25,-127951.75,169.3575658,698.4468007,-0.831051446,-1.20329494,1.838017897,0.480738939,480715.22,480738.939
-9664.5,-246103.5,118273.75,-127829.75,169.1970395,699.0296661,-0.831034923,-1.203318864,1.839551753,0.480249636,480234.6,480249.6358
-9556,-245968,118260.25,-127707.75,169.0365132,699.6136384,-0.831018399,-1.203342792,1.841088522,0.479760298,479754.06,479760.2984
-9447.5,-245832.5,118246.75,-127585.75,168.8759868,700.198721,-0.831001872,-1.203366723,1.842628213,0.479270927,479273.47,479270.9267
-9339,-245697,118233.25,-127463.75,168.7154605,700.784917,-0.830985344,-1.203390659,1.844170834,0.478781521,478792.88,478781.5208
-9230.5,-245561.5,118219.75,-127341.75,168.5549342,701.3722295,-0.830968813,-1.203414597,1.845716393,0.478292081,478312.3,478292.0809
-9122,-245426,118206.25,-127219.75,168.3944079,701.9606617,-0.830952281,-1.20343854,1.847264899,0.477802607,477831.75,477802.607
-9013.5,-245290.5,118192.75,-127097.75,168.2338816,702.5502169,-0.830935747,-1.203462486,1.84881636,0.477313099,477351.22,477313.0993
-8905,-245155,118179.25,-126975.75,168.0733553,703.1408983,-0.830919211,-1.203486436,1.850370785,0.476823558,476870.62,476823.5579
-8796.5,-245019.5,118165.75,-126853.75,167.9128289,703.7327091,-0.830902673,-1.20351039,1.851928182,0.476333983,476390,476333.9828
-8688,-244884,118152.25,-126731.75,167.7523026,704.3256524,-0.830886133,-1.203534347,1.853488559,0.475844374,475909.5,475844.3741
-8579.5,-244748.5,118138.75,-126609.75,167.5917763,704.9197317,-0.830869592,-1.203558308,1.855051926,0.475354732,475428.94,475354.7321
-8471,-244613,118125.25,-126487.75,167.43125,705.5149502,-0.830853048,-1.203582273,1.85661829,0.474865057,474948.3,474865.0567
-8362.5,-244477.5,118111.75,-126365.75,167.2707237,706.111311,-0.830836503,-1.203606241,1.858187661,0.474375348,474467.7,474375.3481
-8254,-244342,118098.25,-126243.75,167.1101974,706.7088177,-0.830819955,-1.203630213,1.859760046,0.473885606,473987.16,473885.6063
-8145.5,-244206.5,118084.75,-126121.75,166.9496711,707.3074733,-0.830803406,-1.203654189,1.861335456,0.473395832,473506.62,473395.8315
-8037,-244071,118071.25,-125999.75,166.7891447,707.9072813,-0.830786855,-1.203678169,1.862913898,0.472906024,473026.03,472906.0239
-7928.5,-243935.5,118057.75,-125877.75,166.6286184,708.508245,-0.830770302,-1.203702152,1.864495382,0.472416183,472545.5,472416.1833
-7820,-243800,118044.25,-125755.75,166.4680921,709.1103677,-0.830753747,-1.203726139,1.866079915,0.47192631,472064.88,471926.3101
-7711.5,-243664.5,118030.75,-125633.75,166.3075658,709.7136528,-0.83073719,-1.203750129,1.867667507,0.471436404,471584.3,471436.4043
-7603,-243529,118017.25,-125511.75,166.1470395,710.3181036,-0.830720631,-1.203774124,1.869258167,0.470946466,471103.72,470946.4659
-7494.5,-243393.5,118003.75,-125389.75,165.9865132,710.9237236,-0.830704071,-1.203798122,1.870851904,0.470456495,470623.1,470456.4952
-7386,-243258,117990.25,-125267.75,165.8259868,711.5305161,-0.830687508,-1.203822123,1.872448727,0.469966492,470142.53,469966.4922
-7277.5,-243122.5,117976.75,-125145.75,165.6654605,712.1384845,-0.830670944,-1.203846129,1.874048644,0.469476457,469662,469476.457
-7169,-242987,117963.25,-125023.75,165.5049342,712.7476323,-0.830654378,-1.203870138,1.875651664,0.46898639,469181.4,468986.3897
-7060.5,-242851.5,117949.75,-124901.75,165.3444079,713.3579629,-0.830637809,-1.203894151,1.877257797,0.46849629,468700.84,468496.2904
-6952,-242716,117936.25,-124779.75,165.1838816,713.9694798,-0.830621239,-1.203918167,1.878867052,0.468006159,468220.25,468006.1592
-6843.5,-242580.5,117922.75,-124657.75,165.0233553,714.5821863,-0.830604667,-1.203942187,1.880479438,0.467515996,467739.7,467515.9963
-6735,-242445,117909.25,-124535.75,164.8628289,715.1960861,-0.830588093,-1.203966211,1.882094963,0.467025802,467259.12,467025.8017
-6626.5,-242309.5,117895.75,-124413.75,164.7023026,715.8111825,-0.830571518,-1.203990239,1.883713638,0.466535576,466778.53,466535.5756
-6518,-242174,117882.25,-124291.75,164.5417763,716.427479,-0.83055494,-1.20401427,1.885335471,0.466045318,466297.94,466045.318
-6409.5,-242038.5,117868.75,-124169.75,164.38125,717.0449793,-0.83053836,-1.204038305,1.886960472,0.465555029,465817.38,465555.0291
-6301,-241903,117855.25,-124047.75,164.2207237,717.6636868,-0.830521779,-1.204062344,1.888588649,0.465064709,465336.78,465064.709
-6192.5,-241767.5,117841.75,-123925.75,164.0601974,718.283605,-0.830505196,-1.204086387,1.890220013,0.464574358,464856.22,464574.3577
-6084,-241632,117828.25,-123803.75,163.8996711,718.9047375,-0.83048861,-1.204110433,1.891854572,0.464083975,464375.62,464083.9754
-5975.5,-241496.5,117814.75,-123681.75,163.7391447,719.527088,-0.830472023,-1.204134483,1.893492337,0.463593562,463895.06,463593.5623
-5867,-241361,117801.25,-123559.75,163.5786184,720.1506599,-0.830455434,-1.204158536,1.895133316,0.463103118,463414.44,463103.1183
-5758.5,-241225.5,117787.75,-123437.75,163.4180921,720.7754569,-0.830438843,-1.204182594,1.896777518,0.462612644,462933.9,462612.6436
-5650,-241090,117774.25,-123315.75,163.2575658,721.4014826,-0.83042225,-1.204206655,1.898424954,0.462122138,462453.3,462122.1383
-5541.5,-240954.5,117760.75,-123193.75,163.0970395,722.0287406,-0.830405655,-1.20423072,1.900075633,0.461631603,461972.8,461631.6026
-5433,-240819,117747.25,-123071.75,162.9365132,722.6572345,-0.830389059,-1.204254788,1.901729565,0.461141037,461492.84,461141.0365
-5324.5,-240683.5,117733.75,-122949.75,162.7759868,723.2869681,-0.83037246,-1.20427886,1.903386758,0.46065044,461012.88,460650.4402
-5216,-240548,117720.25,-122827.75,162.6154605,723.9179449,-0.83035586,-1.204302936,1.905047224,0.460159814,460533,460159.8137
-5107.5,-240412.5,117706.75,-122705.75,162.4549342,724.5501688,-0.830339257,-1.204327016,1.90671097,0.459669157,460053.12,459669.1572
-4999,-240277,117693.25,-122583.75,162.2944079,725.1836433,-0.830322653,-1.204351099,1.908378009,0.459178471,459573.34,459178.4708
-4890.5,-240141.5,117679.75,-122461.75,162.1338816,725.8183722,-0.830306047,-1.204375186,1.910048348,0.458687755,459093.53,458687.7545
-4782,-240006,117666.25,-122339.75,161.9733553,726.4543592,-0.830289439,-1.204399277,1.911721998,0.458197009,458613.62,458197.0086
-4673.5,-239870.5,117652.75,-122217.75,161.8128289,727.091608,-0.830272829,-1.204423372,1.913398969,0.457706233,458133.88,457706.233
-4565,-239735,117639.25,-122095.75,161.6523026,727.7301225,-0.830256217,-1.20444747,1.91507927,0.457215428,457654,457215.428
-4456.5,-239599.5,117625.75,-121973.75,161.4917763,728.3699064,-0.830239603,-1.204471572,1.916762912,0.456724594,457174.2,456724.5937
-4348,-239464,117612.25,-121851.75,161.33125,729.0109635,-0.830222987,-1.204495678,1.918449904,0.45623373,456694.38,456233.73
-4239.5,-239328.5,117598.75,-121729.75,161.1707237,729.6532975,-0.83020637,-1.204519788,1.920140257,0.455742837,456214.53,455742.8373
-4131,-239193,117585.25,-121607.75,161.0101974,730.2969124,-0.83018975,-1.204543901,1.92183398,0.455251915,455734.75,455251.9155
-4022.5,-239057.5,117571.75,-121485.75,160.8496711,730.9418119,-0.830173129,-1.204568018,1.923531084,0.454760965,455254.94,454760.9648
-3914,-238922,117558.25,-121363.75,160.6891447,731.5879999,-0.830156505,-1.204592139,1.925231579,0.454269985,454775.06,454269.9853
-3805.5,-238786.5,117544.75,-121241.75,160.5286184,732.2354802,-0.83013988,-1.204616263,1.926935474,0.453778977,454295.25,453778.9771
-3697,-238651,117531.25,-121119.75,160.3680921,732.8842568,-0.830123253,-1.204640391,1.928642781,0.45328794,453815.4,453287.9403
-3588.5,-238515.5,117517.75,-120997.75,160.2075658,733.5343335,-0.830106624,-1.204664523,1.930353509,0.452796875,453335.56,452796.8751
-3480,-238380,117504.25,-120875.75,160.0470395,734.1857143,-0.830089993,-1.204688659,1.932067669,0.452305781,452855.75,452305.7815
-3371.5,-238244.5,117490.75,-120753.75,159.8865132,734.8384031,-0.83007336,-1.204712798,1.933785271,0.45181466,452375.94,451814.6597
-3263,-238109,117477.25,-120631.75,159.7259868,735.4924037,-0.830056725,-1.204736941,1.935506326,0.45132351,451896.06,451323.5098
-3154.5,-237973.5,117463.75,-120509.75,159.5654605,736.1477203,-0.830040088,-1.204761088,1.937230843,0.450832332,451416.25,450832.3318
-3046,-237838,117450.25,-120387.75,159.4049342,736.8043567,-0.83002345,-1.204785239,1.938958833,0.450341126,450936.44,450341.126
-2937.5,-237702.5,117436.75,-120265.75,159.2444079,737.4623169,-0.830006809,-1.204809393,1.940690308,0.449849892,450456.56,449849.8924
-2829,-237567,117423.25,-120143.75,159.0838816,738.121605,-0.829990167,-1.204833551,1.942425276,0.449358631,449976.8,449358.6312
-2720.5,-237431.5,117409.75,-120021.75,158.9233553,738.782225,-0.829973522,-1.204857713,1.94416375,0.448867342,449496.94,448867.3424
-2612,-237296,117396.25,-119899.75,158.7628289,739.4441808,-0.829956876,-1.204881879,1.945905739,0.448376026,449017.06,448376.0262
-2503.5,-237160.5,117382.75,-119777.75,158.6023026,740.1074767,-0.829940228,-1.204906048,1.947651254,0.447884683,448537.22,447884.6827
-2395,-237025,117369.25,-119655.75,158.4417763,740.7721166,-0.829923578,-1.204930221,1.949400307,0.447393312,448057.38,447393.312
-2286.5,-236889.5,117355.75,-119533.75,158.28125,741.4381046,-0.829906926,-1.204954398,1.951152907,0.446901914,447577.56,446901.9143
-2178,-236754,117342.25,-119411.75,158.1207237,742.1054449,-0.829890272,-1.204978579,1.952909066,0.44641049,447097.7,446410.4896
-2069.5,-236618.5,117328.75,-119289.75,157.9601974,742.7741416,-0.829873616,-1.205002763,1.954668794,0.445919038,446617.88,445919.038
-1961,-236483,117315.25,-119167.75,157.7996711,743.4441987,-0.829856958,-1.205026951,1.956432102,0.44542756,446143.7,445427.5597
-1852.5,-236347.5,117301.75,-119045.75,157.6391447,744.1156205,-0.829840298,-1.205051143,1.958199001,0.444936055,445676.8,444936.0549
-1744,-236212,117288.25,-118923.75,157.4786184,744.7884111,-0.829823637,-1.205075339,1.959969503,0.444444524,445209.06,444444.5235
-1635.5,-236076.5,117274.75,-118801.75,157.3180921,745.4625748,-0.829806973,-1.205099538,1.961743618,0.443952966,444740.88,443952.9658
-1527,-235941,117261.25,-118679.75,157.1575658,746.1381157,-0.829790308,-1.205123741,1.963521357,0.443461382,444272.66,443461.3819
-1418.5,-235805.5,117247.75,-118557.75,156.9970395,746.815038,-0.82977364,-1.205147948,1.965302732,0.442969772,443804.44,442969.7718
-1310,-235670,117234.25,-118435.75,156.8365132,747.493346,-0.829756971,-1.205172159,1.967087753,0.442478136,443336.28,442478.1357
-1201.5,-235534.5,117220.75,-118313.75,156.6759868,748.173044,-0.8297403,-1.205196373,1.968876432,0.441986474,442868.12,441986.4737
-1093,-235399,117207.25,-118191.75,156.5154605,748.8541362,-0.829723627,-1.205220591,1.97066878,0.441494786,442399.88,441494.786
-984.5,-235263.5,117193.75,-118069.75,156.3549342,749.536627,-0.829706952,-1.205244813,1.972464808,0.441003073,441931.7,441003.0726
-876,-235128,117180.25,-117947.75,156.1944079,750.2205206,-0.829690275,-1.205269039,1.974264528,0.440511334,441463.47,440511.3337
-767.5,-234992.5,117166.75,-117825.75,156.0338816,750.9058213,-0.829673596,-1.205293269,1.976067951,0.440019569,440995.3,440019.5695
-659,-234857,117153.25,-117703.75,155.8733553,751.5925336,-0.829656915,-1.205317502,1.977875088,0.43952778,440527.06,439527.7799
-550.5,-234721.5,117139.75,-117581.75,155.7128289,752.2806617,-0.829640232,-1.205341739,1.979685952,0.439035965,440058.88,439035.9652
-442,-234586,117126.25,-117459.75,155.5523026,752.9702101,-0.829623547,-1.20536598,1.981500553,0.438544125,439589.5,438544.1254
-333.5,-234450.5,117112.75,-117337.75,155.3917763,753.6611832,-0.829606861,-1.205390224,1.983318903,0.438052261,439119.06,438052.2607
-225,-234315,117099.25,-117215.75,155.23125,754.3535854,-0.829590172,-1.205414473,1.985141014,0.437560371,438648.62,437560.3713
-116.5,-234179.5,117085.75,-117093.75,155.0707237,755.0474211,-0.829573482,-1.205438725,1.986966898,0.437068457,438178.2,437068.4571
-8,-234044,117022,-117022,154.9763158,755.0960249,-0.82949464,-1.205553299,1.987094802,0.437000162,437735.5,437000.1621
